-- phpMyAdmin SQL Dump
-- version 5.0.4deb2+deb11u1
-- https://www.phpmyadmin.net/
--
-- Host: localhost:3306
-- Generation Time: May 29, 2023 at 01:51 PM
-- Server version: 8.0.31
-- PHP Version: 7.4.33

SET SQL_MODE = "NO_AUTO_VALUE_ON_ZERO";
START TRANSACTION;
SET time_zone = "+00:00";


/*!40101 SET @OLD_CHARACTER_SET_CLIENT=@@CHARACTER_SET_CLIENT */;
/*!40101 SET @OLD_CHARACTER_SET_RESULTS=@@CHARACTER_SET_RESULTS */;
/*!40101 SET @OLD_COLLATION_CONNECTION=@@COLLATION_CONNECTION */;
/*!40101 SET NAMES utf8mb4 */;

--
-- Database: `KF_cards`
--

-- --------------------------------------------------------

--
-- Table structure for table `Activated`
--

CREATE TABLE `Activated` (
  `ActivateId` int NOT NULL,
  `targettype` varchar(255) NOT NULL,
  `targetindex` varchar(255) NOT NULL,
  `effects` varchar(255) NOT NULL
) ENGINE=InnoDB DEFAULT CHARSET=utf8mb4 COLLATE=utf8mb4_0900_ai_ci;

--
-- Dumping data for table `Activated`
--

INSERT INTO `Activated` (`ActivateId`, `targettype`, `targetindex`, `effects`) VALUES
(1, 'single', '42', '108'),
(2, 'single', '43', '108'),
(3, 'single', '44', '108'),
(4, 'single', '45', '108'),
(5, 'single', '62', '164'),
(6, 'single', '63', '164'),
(7, 'single', '64', '164'),
(8, 'single', '65', '179'),
(9, 'single', '66', '179'),
(10, 'single', '67', '179'),
(11, 'single', '71', '209'),
(12, 'single', '53', '210'),
(13, 'single', '53', '211'),
(14, 'single', '53', '212'),
(15, 'single', '70', '165'),
(16, 'single', '70', '166'),
(17, 'single', '70', '167'),
(18, 'single', '51,86', '213,235'),
(19, 'single', '51', '213,236'),
(20, 'single', '51', '213,237'),
(21, 'single', '87', '129'),
(22, 'single', '87', '248'),
(23, 'single', '87', '130'),
(24, 'single', '87', '122'),
(25, 'single', '87', '123'),
(26, 'single', '87', '124'),
(27, 'cardinhand', '88', '249'),
(28, 'cardinhand', '88', '250'),
(29, 'single', '89', '256'),
(30, 'single', '86', '254'),
(31, 'single', '86', '255'),
(32, 'single', '75', '280'),
(33, 'single', '75', '281'),
(34, 'single', '75', '282'),
(35, 'single', '75', '297'),
(36, 'single', '75', '213'),
(37, 'single', '75', '275'),
(38, 'single', '107', '332,333,334,335'),
(39, 'single', '112', '337'),
(40, 'single', '113', '337'),
(41, 'single', '114', '337'),
(42, 'single', '51,47', '109,338'),
(43, 'single', '51,53', '109,338'),
(44, 'single', '53', '109'),
(45, 'single', '124,125', '367'),
(46, 'all', '127', '375,376'),
(47, 'all', '127', '375,375,376'),
(48, 'all', '127', '375,375,375,376'),
(49, 'single', '143', '109,391,392,393,394,395'),
(50, 'single', '94', '294'),
(51, 'single', '94', '295'),
(52, 'single', '94', '296'),
(53, 'all', '72', '421,366'),
(54, 'single', '73', '180'),
(55, 'single', '74', '181'),
(56, 'single', '75', '182'),
(57, 'self', '0', '425'),
(58, 'self', '0', '425,425'),
(59, 'single', '164', '438'),
(60, 'single', '165', '438'),
(61, 'single', '166', '438');

-- --------------------------------------------------------

--
-- Table structure for table `carddata`
--

CREATE TABLE `carddata` (
  `CardId` int NOT NULL,
  `Name` varchar(255) NOT NULL,
  `levelsto` int NOT NULL,
  `levels from` int NOT NULL,
  `level` tinyint NOT NULL,
  `CardType` enum('Creature','Spell') CHARACTER SET latin1 COLLATE latin1_swedish_ci NOT NULL DEFAULT 'Creature',
  `cost` tinyint NOT NULL DEFAULT '1',
  `subtype` varchar(255) NOT NULL,
  `Text` text NOT NULL,
  `Cardart` varchar(50) NOT NULL,
  `Tooltips` varchar(255) CHARACTER SET latin1 COLLATE latin1_swedish_ci NOT NULL DEFAULT '',
  `Attack` int NOT NULL,
  `Health` int NOT NULL,
  `FlavorText` varchar(255) CHARACTER SET latin1 COLLATE latin1_swedish_ci NOT NULL DEFAULT '',
  `Faction` enum('Mechanical','Elemental','Nature','Death','Alloyin','Tempys','Uterra','Nekrium') CHARACTER SET latin1 COLLATE latin1_swedish_ci NOT NULL,
  `rarity` enum('Common','Rare','Heroic','Legendary','Token') CHARACTER SET latin1 COLLATE latin1_swedish_ci NOT NULL DEFAULT 'Common',
  `keywords` varchar(255) NOT NULL,
  `battlesperturn` int NOT NULL DEFAULT '1',
  `basestatic` varchar(255) CHARACTER SET latin1 COLLATE latin1_swedish_ci DEFAULT NULL,
  `basetriggers` varchar(255) CHARACTER SET latin1 COLLATE latin1_swedish_ci DEFAULT NULL,
  `activated` varchar(255) CHARACTER SET latin1 COLLATE latin1_swedish_ci DEFAULT NULL,
  `targets` varchar(255) CHARACTER SET latin1 COLLATE latin1_swedish_ci DEFAULT NULL,
  `effects` varchar(255) CHARACTER SET latin1 COLLATE latin1_swedish_ci DEFAULT NULL
) ENGINE=InnoDB DEFAULT CHARSET=latin1;

--
-- Dumping data for table `carddata`
--

INSERT INTO `carddata` (`CardId`, `Name`, `levelsto`, `levels from`, `level`, `CardType`, `cost`, `subtype`, `Text`, `Cardart`, `Tooltips`, `Attack`, `Health`, `FlavorText`, `Faction`, `rarity`, `keywords`, `battlesperturn`, `basestatic`, `basetriggers`, `activated`, `targets`, `effects`) VALUES
(1, 'Runescarred Zombie', 2, 0, 1, 'Creature', 1, 'Zombie', 'Vengeance: Put a level 1 spell at random from your discard pile into your hand.', 'RunescarredZombie1', '', 5, 3, '', 'Nekrium', 'Rare', '', 1, NULL, '368', NULL, NULL, NULL),
(2, 'Runescarred Zombie', 3, 1, 2, 'Creature', 1, 'Zombie', 'Vengeance: Put a level 2 or lower spell at random from your discard pile into your hand.', 'RunescarredZombie2', '', 8, 5, '', 'Nekrium', 'Rare', '', 1, NULL, '369', NULL, NULL, NULL),
(3, 'Runescarred Zombie', 3, 2, 3, 'Creature', 1, 'Zombie', 'Vengeance: Put a spell at random from your discard pile into your hand.', 'RunescarredZombie3', '', 16, 9, '', 'Nekrium', 'Rare', '', 1, NULL, '370', NULL, NULL, NULL),
(4, 'Tarsus Deathweaver', 5, 0, 1, 'Creature', 1, 'Human', 'When a friendly creature enters play, if it wasn\'t Forged, it gets +2 attack and +2 health.', 'TarsusDeathweaver1', '', 5, 5, '', 'Nekrium', 'Rare', '', 1, NULL, '323', NULL, NULL, NULL),
(5, 'Tarsus Deathweaver', 6, 4, 2, 'Creature', 1, 'Human', 'When a friendly creature enters play, if it wasn\'t Forged, it gets +4 attack and +4 health.', 'TarsusDeathweaver2', '', 9, 9, '', 'Nekrium', 'Rare', '', 1, NULL, '324', NULL, NULL, NULL),
(6, 'Tarsus Deathweaver', 6, 5, 3, 'Creature', 1, 'Human', 'When a friendly creature enters play, if it wasn\'t Forged, it gets +6 attack and +6 health.', 'TarsusDeathweaver3', '', 15, 15, '', 'Nekrium', 'Rare', '', 1, NULL, '325', NULL, NULL, NULL),
(7, 'Woebringer', 8, 0, 1, 'Creature', 1, 'Abomination', 'At the start of your turn, destroy the creature with the lowest attack. If there is a tie, one is chosen at random.', 'Woebringer1', '', 7, 5, '', 'Nekrium', 'Legendary', '', 1, NULL, '314', NULL, NULL, NULL),
(8, 'Woebringer', 9, 7, 2, 'Creature', 1, 'Abomination', 'At the start of your turn, destroy the creature with the lowest attack. If there is a tie, one is chosen at random.', 'Woebringer2', '', 10, 8, '', 'Nekrium', 'Legendary', '', 1, NULL, '314', NULL, NULL, NULL),
(9, 'Woebringer', 9, 8, 3, 'Creature', 1, 'Abomination', 'At the start of your turn, destroy the enemy creature with the lowest attack. If there is a tie, one is chosen at random.', 'Woebringer3', '', 18, 15, '', 'Nekrium', 'Legendary', '', 1, NULL, '315', NULL, NULL, NULL),
(10, 'Kas, Arcweaver', 11, 0, 1, 'Creature', 1, 'Lightning Asir', 'When you play a spell, Kas battles an additional time this turn.', 'SF1_arc1', '', 4, 4, '', 'Tempys', 'Legendary', '', 1, NULL, '312', NULL, NULL, NULL),
(11, 'Kas, Arcweaver', 12, 10, 2, 'Creature', 1, 'Lightning Asir', 'When you play a spell, Kas battles an additional time this turn.', 'SF1_arc2', '', 8, 8, '', 'Tempys', 'Legendary', '', 1, NULL, '312', NULL, NULL, NULL),
(12, 'Kas, Arcweaver', 12, 11, 3, 'Creature', 1, 'Lightning Asir', 'When you play a spell, Kas battles an additional time this turn.', 'SF1_arc3', '', 14, 14, '', 'Tempys', 'Legendary', '', 1, NULL, '312', NULL, NULL, NULL),
(13, 'Windborn Hellion', 14, 0, 1, 'Creature', 1, 'Wind Elemental', 'When a friendly creature moves, <this> gets +1 attack and +1 health.', 'WindbornHellion1', '', 4, 8, '', 'Tempys', 'Rare', '', 1, NULL, '316', NULL, NULL, NULL),
(14, 'Windborn Hellion', 15, 13, 2, 'Creature', 1, 'Wind Elemental', 'When a friendly creature moves, <this> gets +2 attack and +2 health.', 'WindbornHellion2', '', 8, 12, '', 'Tempys', 'Rare', '', 1, NULL, '317', NULL, NULL, NULL),
(15, 'Windborn Hellion', 15, 14, 3, 'Creature', 1, 'Wind Elemental', 'When a friendly creature moves, <this> gets +3 attack and +3 health.', 'WindbornHellion3', '', 12, 17, '', 'Tempys', 'Rare', '', 1, NULL, '318', NULL, NULL, NULL),
(16, 'Warbringer Uranti', 17, 0, 1, 'Creature', 1, 'Lightning Yeti', 'Forge: Give another friendly creature +4 attack this turn.', 'WarbringerUranti1', '', 3, 3, '', 'Tempys', 'Common', '', 1, NULL, '212', NULL, NULL, NULL),
(17, 'Warbringer Uranti', 18, 16, 2, 'Creature', 1, 'Lightning Yeti', 'Forge: Give another friendly creature +8 attack this turn.', 'WarbringerUranti2', '', 7, 7, '', 'Tempys', 'Common', '', 1, NULL, '213', NULL, NULL, NULL),
(18, 'Warbringer Uranti', 18, 17, 3, 'Creature', 1, 'Lightning Yeti', 'Forge: Give another friendly creature +12 attack this turn.', 'WarbringerUranti3', '', 11, 11, '', 'Tempys', 'Common', '', 1, NULL, '214', NULL, NULL, NULL),
(19, 'Zephyr Mage', 20, 0, 1, 'Creature', 1, 'Wind Asir', 'Activate: Give another level 1 creature Mobility 1.', 'ZephyrMage1', '', 4, 6, '', 'Tempys', 'Rare', '', 1, NULL, NULL, '54', NULL, NULL),
(20, 'Zephyr Mage', 21, 19, 2, 'Creature', 1, 'Wind Asir', 'Activate: Give another level 2 or lower creature Mobility 2.', 'ZephyrMage2', '', 8, 10, '', 'Tempys', 'Rare', '', 1, NULL, NULL, '55', NULL, NULL),
(21, 'Zephyr Mage', 21, 20, 3, 'Creature', 1, 'Wind Asir', 'Activate: Give another creature Mobility 3.', 'ZephyrMage3', '', 13, 17, '', 'Tempys', 'Rare', '', 1, NULL, NULL, '56', NULL, NULL),
(22, 'Thundersaur', 23, 0, 1, 'Creature', 1, 'Dinosaur', 'When <this> is dealt damage, it gets +1 attack for each damage dealt.', 'Thundersaur1', '', 0, 12, '', 'Uterra', 'Legendary', 'Breakthrough', 1, NULL, '333', NULL, NULL, ''),
(23, 'Thundersaur', 24, 22, 2, 'Creature', 1, 'Dinosaur', 'When <this> is dealt damage, it gets +1 attack for each damage dealt.', 'Thundersaur2', '', 0, 24, '', 'Uterra', 'Legendary', 'Breakthrough', 1, NULL, '333', NULL, NULL, NULL),
(24, 'Thundersaur', 24, 23, 3, 'Creature', 1, 'Dinosaur', 'When <this> is dealt damage, it gets +1 attack for each damage dealt.', 'Thundersaur3', '', 0, 36, '', 'Uterra', 'Legendary', 'Breakthrough', 1, NULL, '333', NULL, NULL, NULL),
(25, 'Wildfire Maiden', 26, 0, 1, 'Creature', 1, 'Fire Asir', 'Activate, destroy <this>: Deal damage equal to its attack to each enemy creature.', 'WildfireMaiden1', '', 4, 5, '', 'Tempys', 'Heroic', '', 1, NULL, NULL, '53', NULL, NULL),
(26, 'Wildfire Maiden', 27, 25, 2, 'Creature', 1, 'Fire Asir', 'Activate, destroy <this>: Deal damage equal to its attack to each enemy creature.', 'WildfireMaiden2', '', 6, 8, '', 'Tempys', 'Heroic', '', 1, NULL, NULL, '53', NULL, NULL),
(27, 'Wildfire Maiden', 27, 26, 3, 'Creature', 1, 'Fire Asir', 'Activate, destroy <this>: Deal damage equal to its attack to each enemy creature.', 'WildfireMaiden3', '', 10, 14, '', 'Tempys', 'Heroic', '', 1, NULL, NULL, '53', NULL, NULL),
(28, 'Drix, the Mindwelder', 29, 0, 1, 'Creature', 1, 'Metamind', 'Activate, discard your hand: Each friendly Metamind gets +1 attack for each card discarded this way.', 'Drix1', '', 3, 6, '', 'Alloyin', 'Legendary', '', 1, NULL, NULL, '46', NULL, NULL),
(29, 'Drix, the Mindwelder', 30, 28, 2, 'Creature', 1, 'Metamind', 'Activate, discard your hand: Each friendly Metamind gets +2 attack for each card discarded this way.', 'Drix2', '', 6, 12, '', 'Alloyin', 'Legendary', '', 1, NULL, NULL, '47', NULL, NULL),
(30, 'Drix, the Mindwelder', 30, 29, 3, 'Creature', 1, 'Metamind', 'Activate, discard your hand: Each friendly Metamind gets +3 attack for each card discarded this way.', 'Drix3', '', 12, 21, '', 'Alloyin', 'Legendary', '', 1, NULL, NULL, '48', NULL, NULL),
(31, 'Tower Vanguard', 32, 0, 1, 'Creature', 1, 'Robot', 'While <this> has Armor, it gets +2 attack.', 'Towervanguard1', '', 3, 7, '', 'Alloyin', 'Rare', '', 1, '38', NULL, NULL, NULL, NULL),
(32, 'Tower Vanguard', 33, 31, 2, 'Creature', 1, 'Robot', 'While <this> has Armor, it gets +4 attack.', 'Towervanguard2', '', 6, 13, '', 'Alloyin', 'Rare', '', 1, '39', NULL, NULL, NULL, NULL),
(33, 'Tower Vanguard', 33, 32, 3, 'Creature', 1, 'Robot', 'While <this> has Armor, it gets +7 attack.', 'Towervanguard3', '', 11, 21, '', 'Alloyin', 'Rare', '', 1, '40', NULL, NULL, NULL, NULL),
(34, 'Cypien Infiltrator', 35, 0, 1, 'Creature', 1, 'Human', 'While <this> has 7 or more attack, it gets Breakthrough.', 'CypienInfiltrator1', '', 6, 5, '', 'Alloyin', 'Rare', '', 1, '35', NULL, NULL, NULL, NULL),
(35, 'Cypien Infiltrator', 36, 34, 2, 'Creature', 1, 'Human', 'While <this> has 14 or more attack, it gets Breakthrough.', 'CypienInfiltrator2', '', 11, 10, '', 'Alloyin', 'Rare', '', 1, '36', NULL, NULL, NULL, NULL),
(36, 'Cypien Infiltrator', 36, 35, 3, 'Creature', 1, 'Human', 'While <this> has 21 or more attack, it gets Breakthrough.', 'CypienInfiltrator3', '', 17, 16, '', 'Alloyin', 'Rare', '', 1, '37', NULL, NULL, NULL, NULL),
(37, 'Oreian Justicar', 38, 0, 1, 'Creature', 1, 'Human', 'When an enemy creature enters play, if it wasn\'t Forged, it gets -5 attack. ', 'OreianJusticar1', '', 5, 5, '', 'Alloyin', 'Heroic', '', 1, NULL, '326', NULL, NULL, NULL),
(38, 'Oreian Justicar', 39, 37, 2, 'Creature', 1, 'Human', 'When an enemy creature enters play, if it wasn\'t Forged, it gets -10 attack. ', 'OreianJusticar2', '', 9, 9, '', 'Alloyin', 'Heroic', '', 1, NULL, '327', NULL, NULL, NULL),
(39, 'Oreian Justicar', 39, 38, 3, 'Creature', 1, 'Human', 'When an enemy creature enters play, if it wasn\'t Forged, it gets -20 attack. ', 'OreianJusticar3', '', 14, 14, '', 'Alloyin', 'Heroic', '', 1, NULL, '328', NULL, NULL, NULL),
(40, 'Venomfang', 41, 0, 1, 'Creature', 1, 'Snake', 'Forge: Give an enemy creature Poison 2.', 'Venomfang1', '', 6, 4, '', 'Uterra', 'Rare', '', 1, NULL, '209', NULL, NULL, NULL),
(41, 'Venomfang', 42, 40, 2, 'Creature', 1, 'Snake', 'Forge: Give an enemy creature Poison 4.', 'Venomfang2', '', 10, 8, '', 'Uterra', 'Rare', '', 1, NULL, '210', NULL, NULL, NULL),
(42, 'Venomfang', 42, 41, 3, 'Creature', 1, 'Snake', 'Forge: Give an enemy creature Poison 6.', 'Venomfang3', '', 14, 12, '', 'Uterra', 'Rare', '', 1, NULL, '211', NULL, NULL, NULL),
(43, 'Brighttusk Sower', 44, 0, 1, 'Creature', 1, 'Tuskin', 'Forge: You may put a 1/1 <card card_id=Seedling_Token>Seedling</card> into an adjacent space.', 'BrighttuskSower1', '', 6, 6, '', 'Uterra', 'Common', '', 1, NULL, '275', NULL, NULL, NULL),
(44, 'Brighttusk Sower', 45, 43, 2, 'Creature', 1, 'Tuskin', 'Forge: You may put a 3/3 <card card_id=Seedling_Token2>Seedling</card> into an adjacent space.', 'BrighttuskSower2', '', 8, 8, '', 'Uterra', 'Common', '', 1, NULL, '276', NULL, NULL, NULL),
(45, 'Brighttusk Sower', 45, 44, 3, 'Creature', 1, 'Tuskin', 'Forge: You may put a 5/5 <card card_id=Seedling_Token3>Seedling</card> into an adjacent space.', 'BrighttuskSower3', '', 10, 10, '', 'Uterra', 'Common', '', 1, NULL, '277', NULL, NULL, NULL),
(46, 'Witherfrost Banshee', 47, 0, 1, 'Creature', 1, 'Spirit', 'Forge/Flank: The opposing creature gets -2 attack and -2 health.', 'WitherFrostBanshee1', '', 3, 3, '', 'Nekrium', 'Common', '', 1, NULL, '362,365', NULL, NULL, NULL),
(47, 'Witherfrost Banshee', 48, 46, 2, 'Creature', 1, 'Spirit', 'Forge/Flank: The opposing creature gets -4 attack and -4 health.', 'WitherFrostBanshee2', '', 6, 6, '', 'Nekrium', 'Common', '', 1, NULL, '363,366', NULL, NULL, NULL),
(48, 'Witherfrost Banshee', 48, 47, 3, 'Creature', 1, 'Spirit', 'Forge/Flank: The opposing creature gets -7 attack and -7 health.', 'WitherFrostBanshee3', '', 12, 12, '', 'Nekrium', 'Common', '', 1, NULL, '364,367', NULL, NULL, NULL),
(49, 'Charnel Titan', 50, 0, 1, 'Creature', 1, 'Abomination', 'Forge: If there is an enemy creature with 3 or less attack, <this> gets +3 attack and +3 health.', 'CharnelTitan1', '', 3, 5, '', 'Nekrium', 'Common', '', 1, NULL, '376', NULL, NULL, NULL),
(50, 'Charnel Titan', 51, 49, 2, 'Creature', 1, 'Abomination', 'Forge: If there is an enemy creature with 5 or less attack, <this> gets +5 attack and +5 health.', 'CharnelTitan2', '', 5, 8, '', 'Nekrium', 'Common', '', 1, NULL, '377', NULL, NULL, NULL),
(51, 'Charnel Titan', 51, 50, 3, 'Creature', 1, 'Abomination', 'Forge: If there is an enemy creature with 7 or less attack, <this> gets +7 attack and +7 health.', 'CharnelTitan3', '', 9, 14, '', 'Nekrium', 'Common', '', 1, NULL, '378', NULL, NULL, NULL),
(52, 'Weirwood Patriarch', 53, 0, 1, 'Creature', 1, 'Human', 'Forge: Each friendly creature with 3 or less attack gets +2 attack and +2 health.', 'Weirwoodpatriarch1', '', 5, 7, '', 'Uterra', 'Heroic', '', 1, NULL, '146', NULL, NULL, NULL),
(53, 'Weirwood Patriarch', 54, 52, 2, 'Creature', 1, 'Human', 'Forge: Each friendly creature with 5 or less attack gets +3 attack and +3 health.', 'Weirwoodpatriarch2', '', 7, 10, '', 'Uterra', 'Heroic', '', 1, NULL, '147', NULL, NULL, NULL),
(54, 'Weirwood Patriarch', 54, 53, 3, 'Creature', 1, 'Human', 'Forge: Each friendly creature with 7 or less attack gets +5 attack and +5 health.', 'Weirwoodpatriarch3', '', 14, 17, '', 'Uterra', 'Heroic', '', 1, NULL, '148', NULL, NULL, NULL),
(55, 'Grimgaunt Spectre', 56, 0, 1, 'Creature', 1, 'Grimgaunt', '', 'SD020e-1', '', 3, 3, '', 'Nekrium', 'Common', 'Move 1', 1, NULL, NULL, NULL, NULL, NULL),
(56, 'Grimgaunt Spectre', 57, 55, 2, 'Creature', 1, 'Grimgaunt', '', 'SD020e-2', '', 11, 11, '', 'Nekrium', 'Common', 'Move 1', 1, NULL, NULL, NULL, NULL, NULL),
(57, 'Grimgaunt Spectre', 57, 56, 3, 'Creature', 1, 'Grimgaunt', '', 'SD020e-3', '', 14, 14, '', 'Nekrium', 'Common', 'Move 1', 1, NULL, NULL, NULL, NULL, NULL),
(58, 'Fell Walker', 59, 0, 1, 'Creature', 1, 'Zombie', 'Vengeance: Put a 3/3 <card card_id=Zombie_Token_3>Zombie</card> into this space.', 'BL286-01', '', 3, 3, '', 'Nekrium', 'Common', '', 1, NULL, '185', NULL, NULL, NULL),
(59, 'Fell Walker', 60, 58, 2, 'Creature', 1, 'Zombie', 'Vengeance: Put a 5/5 <card card_id=Zombie_5>Zombie</card> into this space.', 'BL286-02', '', 5, 5, '', 'Nekrium', 'Common', '', 1, NULL, '186', NULL, NULL, NULL),
(60, 'Fell Walker', 60, 59, 3, 'Creature', 1, 'Zombie', 'Vengeance: Put a 9/9 <card card_id=Zombie_9>Zombie</card> into this space.', 'BL286-03', '', 9, 9, '', 'Nekrium', 'Common', '', 1, NULL, '187', NULL, NULL, NULL),
(61, 'Marrow Fiend', 62, 0, 1, 'Creature', 1, 'Skeleton', '', 'DD007-1-color', '', 8, 1, '', 'Nekrium', 'Common', '', 1, NULL, NULL, NULL, NULL, NULL),
(62, 'Marrow Fiend', 63, 61, 2, 'Creature', 1, 'Skeleton', '', 'DD007-2-color', '', 11, 5, '', 'Nekrium', 'Common', '', 1, NULL, NULL, NULL, NULL, NULL),
(63, 'Marrow Fiend', 63, 62, 3, 'Creature', 1, 'Skeleton', '', 'DD007-3-color', '', 17, 13, '', 'Nekrium', 'Common', '', 1, NULL, NULL, NULL, NULL, NULL),
(64, 'Gloomreaper Witch', 65, 0, 1, 'Creature', 1, 'Human', 'Forge: You may destroy an enemy creature with 1 or less attack.', 'DD085-1 color', '', 5, 5, '', 'Nekrium', 'Common', '', 1, NULL, '201', NULL, NULL, NULL),
(65, 'Gloomreaper Witch', 66, 64, 2, 'Creature', 1, 'Human', 'Forge: You may destroy an enemy creature with 4 or less attack.', 'DD085-2 color', '', 9, 9, '', 'Nekrium', 'Common', '', 1, NULL, '202', NULL, NULL, NULL),
(66, 'Gloomreaper Witch', 66, 65, 3, 'Creature', 1, 'Human', 'Forge: You may destroy an enemy creature with 7 or less attack.', 'DD085-3 color', '', 15, 15, '', 'Nekrium', 'Common', '', 1, NULL, '203', NULL, NULL, NULL),
(67, 'Necrotic Wurm', 68, 0, 1, 'Creature', 1, 'Wurm', '', 'SD014a-1e', '', 4, 5, '', 'Nekrium', 'Common', '', 1, NULL, NULL, NULL, NULL, NULL),
(68, 'Necrotic Wurm', 69, 67, 2, 'Creature', 1, 'Wurm', '', 'SD014a-2e', '', 7, 8, '', 'Nekrium', 'Common', '', 1, NULL, NULL, NULL, NULL, NULL),
(69, 'Necrotic Wurm', 69, 68, 3, 'Creature', 1, 'Wurm', '', 'SD014a-3e', '', 18, 19, '', 'Nekrium', 'Common', '', 1, NULL, NULL, NULL, NULL, NULL),
(70, 'Scavenger Scorpion', 71, 0, 1, 'Creature', 1, 'Abomination', '', 'DD070-1-color', '', 6, 6, '', 'Nekrium', 'Common', 'Regenerate 1', 1, NULL, NULL, NULL, NULL, NULL),
(71, 'Scavenger Scorpion', 72, 70, 2, 'Creature', 1, 'Abomination', '', 'DD070-2-color', '', 9, 9, '', 'Nekrium', 'Common', 'Regenerate 2', 1, NULL, NULL, NULL, NULL, NULL),
(72, 'Scavenger Scorpion', 72, 71, 3, 'Creature', 1, 'Abomination', '', 'DD070-3-color', '', 11, 11, '', 'Nekrium', 'Common', 'Regenerate 3', 1, NULL, NULL, NULL, NULL, NULL),
(73, 'Grave Ghast', 74, 0, 1, 'Creature', 1, 'Zombie', '', 'DD019-1-color', '', 5, 7, '', 'Nekrium', 'Common', 'Regenerate 2', 1, NULL, NULL, NULL, NULL, NULL),
(74, 'Grave Ghast', 75, 73, 2, 'Creature', 1, 'Zombie', '', 'DD019-2-color', '', 8, 10, '', 'Nekrium', 'Common', 'Regenerate 4', 1, NULL, NULL, NULL, NULL, NULL),
(75, 'Grave Ghast', 75, 74, 3, 'Creature', 1, 'Zombie', '', 'DD019-3-color', '', 11, 13, '', 'Nekrium', 'Common', 'Regenerate 6', 1, NULL, NULL, NULL, NULL, NULL),
(76, 'Grimgaunt Predator', 77, 0, 1, 'Creature', 1, 'Grimgaunt', 'When the opposing creature is destroyed, <this> gets +2 attack and +2 health.', 'DD013-1-color', '', 5, 5, '', 'Nekrium', 'Heroic', 'Move 1', 1, NULL, '281', NULL, NULL, NULL),
(77, 'Grimgaunt Predator', 78, 76, 2, 'Creature', 1, 'Grimgaunt', 'When the opposing creature is destroyed, <this> gets +4 attack and +4 health.', 'DD013-2-color', '', 9, 9, '', 'Nekrium', 'Heroic', 'Move 1', 1, NULL, '282', NULL, NULL, NULL),
(78, 'Grimgaunt Predator', 78, 77, 3, 'Creature', 1, 'Grimgaunt', 'When the opposing creature is destroyed, <this> gets +6 attack and +6 health.', 'DD013-3-color', '', 14, 14, '', 'Nekrium', 'Heroic', 'Move 1', 1, NULL, '283', NULL, NULL, NULL),
(79, 'Xrath, Dreadknight of Varna', 80, 0, 1, 'Creature', 1, 'Zombie', 'Each other friendly Zombie gets Regenerate 1.', 'sd016e-1', '', 5, 6, '', 'Nekrium', 'Heroic', 'Regenerate 2', 1, '13', NULL, NULL, NULL, NULL),
(80, 'Xrath, Dreadknight of Varna', 81, 79, 2, 'Creature', 1, 'Zombie', 'Each other friendly Zombie gets Regenerate 2.', 'sd016e-2', '', 9, 10, '', 'Nekrium', 'Heroic', 'Regenerate 4', 1, '14', NULL, NULL, NULL, NULL),
(81, 'Xrath, Dreadknight of Varna', 81, 80, 3, 'Creature', 1, 'Zombie', 'Each other friendly Zombie gets Regenerate 4.', 'SD016e-3', '', 14, 15, '', 'Nekrium', 'Heroic', 'Regenerate 8', 1, '15', NULL, NULL, NULL, NULL),
(82, 'Unrelenting Dead', 83, 0, 1, 'Creature', 1, 'Zombie', '', 'BL202 01', '', 4, 4, '', 'Nekrium', 'Heroic', 'Regenerate 4', 1, NULL, NULL, NULL, NULL, NULL),
(83, 'Unrelenting Dead', 84, 82, 2, 'Creature', 1, 'Zombie', '', 'BL202 02', '', 8, 8, '', 'Nekrium', 'Heroic', 'Regenerate 8', 1, NULL, NULL, NULL, NULL, NULL),
(84, 'Unrelenting Dead', 84, 83, 3, 'Creature', 1, 'Zombie', '', 'BL202 03', '', 14, 14, '', 'Nekrium', 'Heroic', 'Regenerate 14', 1, NULL, NULL, NULL, NULL, NULL),
(85, 'Hellforged Avatar', 86, 0, 1, 'Creature', 1, 'Abomination', 'Forge: <this> gets +1 attack and +1 health for each Nekrium card in your hand.', 'DD103-1 color', '', 3, 3, '', 'Nekrium', 'Heroic', 'Regenerate 1', 1, NULL, '313', NULL, NULL, NULL),
(86, 'Hellforged Avatar', 87, 85, 2, 'Creature', 1, 'Abomination', 'Forge: <this> gets +2 attack and +2 health for each Nekrium card in your hand.', 'DD103-2 color', '', 4, 4, '', 'Nekrium', 'Heroic', 'Regenerate 2', 1, NULL, '313,313', NULL, NULL, NULL),
(87, 'Hellforged Avatar', 87, 86, 3, 'Creature', 1, 'Abomination', 'Forge: <this> gets +3 attack and +3 health for each Nekrium card in your hand.', 'DD103-3 color', '', 5, 5, '', 'Nekrium', 'Heroic', 'Regenerate 3', 1, NULL, '313,313,313', NULL, NULL, NULL),
(88, 'Witherfrost Succubus', 89, 0, 1, 'Creature', 1, 'Demon', 'Activate: Give a creature -3 attack and -3 health this turn.', 'SD9002-1', '', 1, 6, '', 'Nekrium', 'Heroic', '', 1, NULL, NULL, '12', NULL, NULL),
(89, 'Witherfrost Succubus', 90, 88, 2, 'Creature', 1, 'Demon', 'Activate: Give a creature -5 attack and -5 health this turn.', 'SD9002-2', '', 4, 10, '', 'Nekrium', 'Heroic', '', 1, NULL, NULL, '13', NULL, NULL),
(90, 'Witherfrost Succubus', 90, 89, 3, 'Creature', 1, 'Demon', 'Activate: Give a creature -7 attack and -7 health this turn.', 'SD9002-3', '', 7, 18, '', 'Nekrium', 'Heroic', '', 1, NULL, NULL, '14', NULL, NULL),
(91, 'Soul Drinker', 92, 0, 1, 'Creature', 1, 'Vampire', '', 'SD026d-1', '', 1, 4, '', 'Nekrium', 'Legendary', '', 1, NULL, '', NULL, NULL, NULL),
(92, 'Soul Drinker', 93, 91, 2, 'Creature', 1, 'Vampire', 'Forge: The opposing creature\'s attack gets reduced to 0 and <this> gets that much attack.', 'SD026d-2', '', 1, 8, '', 'Nekrium', 'Legendary', '', 1, NULL, '204,205', NULL, NULL, NULL),
(93, 'Soul Drinker', 93, 92, 3, 'Creature', 1, 'Vampire', 'Forge/Flank: The opposing creature\'s attack gets reduced to 0 and <this> gets that much attack.', 'SD026d-3', '', 1, 14, '', 'Nekrium', 'Legendary', 'Move 1', 1, NULL, '204,205,206,207', NULL, NULL, NULL),
(94, 'Lyria, Muse of Varna', 95, 0, 1, 'Creature', 1, 'Human', '', 'SD025e-1 -NEW', '', 5, 4, '', 'Nekrium', 'Legendary', '', 1, NULL, '', NULL, NULL, NULL),
(95, 'Lyria, Muse of Varna', 96, 94, 2, 'Creature', 1, 'Human', 'Forge: Spawn a random creature that was destroyed this game.', 'sd025e-2', '', 8, 7, '', 'Nekrium', 'Legendary', '', 1, NULL, '262', NULL, NULL, NULL),
(96, 'Lyria, Muse of Varna', 96, 95, 3, 'Creature', 1, 'Human', 'Forge: Spawn a random creature that was destroyed this game into each space.', 'sd025e-3', '', 15, 14, '', 'Nekrium', 'Legendary', '', 1, NULL, '262,262,262,262', NULL, NULL, NULL),
(97, 'Keeper of the Damned', 98, 0, 1, 'Creature', 1, 'Zombie', 'Activate: Another friendly level 1 creature gets, \"Vengeance: Spawn this\" this turn.', 'DD028-1-Color', '', 5, 6, '', 'Nekrium', 'Legendary', '', 1, NULL, NULL, '5', NULL, NULL),
(98, 'Keeper of the Damned', 99, 97, 2, 'Creature', 1, 'Zombie', 'Activate: Another friendly level 2 or lower creature gets, \"Vengeance: Spawn this\" this turn.', 'DD028-2-Color', '', 8, 10, '', 'Nekrium', 'Legendary', '', 1, NULL, NULL, '6', NULL, NULL),
(99, 'Keeper of the Damned', 99, 98, 3, 'Creature', 1, 'Zombie', 'Activate: Another friendly creature gets, \"Vengeance: Spawn this\" this turn.', 'DD028-3-Color', '', 15, 17, '', 'Nekrium', 'Legendary', '', 1, NULL, NULL, '7', NULL, NULL),
(100, 'Doomwing, Dire Drake', 101, 0, 1, 'Creature', 1, 'Dragon', 'Flank: Destroy the opposing level 1 creature.', 'Cacklebones-lvl1', '', 6, 2, '', 'Nekrium', 'Legendary', 'Move 1', 1, NULL, '284', NULL, NULL, NULL),
(101, 'Doomwing, Dire Drake', 102, 100, 2, 'Creature', 1, 'Dragon', 'Flank: Destroy the opposing level 2 or lower creature.', 'Cacklebones-lvl2', '', 10, 6, '', 'Nekrium', 'Legendary', 'Move 2', 1, NULL, '285', NULL, NULL, NULL),
(102, 'Doomwing, Dire Drake', 102, 101, 3, 'Creature', 1, 'Dragon', 'Flank: Destroy the opposing creature.', 'Cacklebones-lvl3', '', 18, 10, '', 'Nekrium', 'Legendary', 'Move 3', 1, NULL, '286', NULL, NULL, NULL),
(103, 'Zimus, the Undying', 104, 0, 1, 'Creature', 1, 'Human', '', 'SD022e-1', '', 5, 2, '', 'Nekrium', 'Legendary', '', 1, NULL, NULL, NULL, NULL, NULL),
(104, 'Zimus, the Undying', 105, 103, 2, 'Creature', 1, 'Zombie', 'Vengeance: Spawn a <card card_id=GA014token>Zimus, the Returned</card>.', 'SD022e-2', '', 10, 5, '', 'Nekrium', 'Legendary', '', 1, NULL, '193', NULL, NULL, NULL),
(105, 'Zimus, the Undying', 105, 104, 3, 'Creature', 1, 'Zombie', 'Vengeance: Spawn a <this> and deal 3 damage to yourself.', 'SD022e-3.2', '', 14, 7, '', 'Nekrium', 'Legendary', '', 1, NULL, '194', NULL, NULL, NULL),
(106, 'Xithian Shambler', 107, 0, 1, 'Creature', 1, 'Abomination', 'Activate, destroy an adjacent creature: <this> moves into that creature\'s space, then gets +attack and + health equal to that creature\'s attack and health.', 'BL211-1', '', 3, 4, '', 'Nekrium', 'Legendary', '', 1, NULL, NULL, '38', NULL, NULL),
(107, 'Xithian Shambler', 108, 106, 2, 'Creature', 1, 'Abomination', 'Activate, destroy an adjacent creature: <this> moves into that creature\'s space, then gets +attack and + health equal to that creature\'s attack and health.', 'BL211-2', '', 6, 7, '', 'Nekrium', 'Legendary', '', 1, NULL, NULL, '38', NULL, NULL),
(108, 'Xithian Shambler', 108, 107, 3, 'Creature', 1, 'Abomination', 'Activate, destroy an adjacent creature: <this> moves into that creature\'s space, then gets +attack and + health equal to that creature\'s attack and health. You may use this ability twice per turn.', 'BL211-3', '', 9, 10, '', 'Nekrium', 'Legendary', '', 1, NULL, NULL, '38,38', NULL, NULL),
(109, 'Necroslime', 110, 0, 1, 'Creature', 1, 'Ooze', 'Activate, deal 3 damage to another friendly creature: <this> gets +2 attack and +2 health.', 'GA045-1', '', 4, 4, '', 'Nekrium', 'Rare', '', 1, NULL, NULL, '18', NULL, NULL),
(110, 'Necroslime', 111, 109, 2, 'Creature', 1, 'Ooze', 'Activate, deal 3 damage to another friendly creature: <this> gets +4 attack and +4 health.', 'GA045-2', '', 8, 8, '', 'Nekrium', 'Rare', '', 1, NULL, NULL, '19', NULL, NULL),
(111, 'Necroslime', 111, 110, 3, 'Creature', 1, 'Ooze', 'Activate, deal 3 damage to another friendly creature: <this> gets +8 attack and +8 health.', 'GA045-3', '', 14, 14, '', 'Nekrium', 'Rare', '', 1, NULL, NULL, '20', NULL, NULL),
(112, 'Darkheart Wanderer', 113, 0, 1, 'Creature', 1, 'Human', 'When you play a spell, <this> gets Regenerate 1.', 'SD9001-1', '', 3, 8, '', 'Nekrium', 'Rare', '', 1, NULL, '121', NULL, NULL, NULL),
(113, 'Darkheart Wanderer', 114, 112, 2, 'Creature', 1, 'Human', 'When you play a spell, <this> gets Regenerate 2.', 'SD9001-2', '', 6, 11, '', 'Nekrium', 'Rare', '', 1, NULL, '121', NULL, NULL, NULL),
(114, 'Darkheart Wanderer', 114, 113, 3, 'Creature', 1, 'Human', 'When you play a spell, <this> gets Regenerate 4.', 'SD9001-3', '', 12, 16, '', 'Nekrium', 'Rare', '', 1, NULL, '121', NULL, NULL, NULL),
(115, 'Dr. Frankenbaum', 116, 0, 1, 'Creature', 1, 'Abomination', 'When a friendly Abomination is destroyed, deal 2 damage to the enemy player.', 's11_c028 1', '', 6, 5, '', 'Nekrium', 'Rare', '', 1, NULL, '306,309', NULL, NULL, NULL),
(116, 'Dr. Frankenbaum', 117, 115, 2, 'Creature', 1, 'Abomination', 'When a friendly Abomination is destroyed, deal 3 damage to the enemy player.', 's11_c028 2', '', 9, 8, '', 'Nekrium', 'Rare', '', 1, NULL, '307,310', NULL, NULL, NULL),
(117, 'Dr. Frankenbaum', 117, 116, 3, 'Creature', 1, 'Abomination', 'When a friendly Abomination is destroyed, deal 4 damage to the enemy player.', 's11_c028 3', '', 14, 13, '', 'Nekrium', 'Rare', '', 1, NULL, '308,311', NULL, NULL, NULL),
(118, 'Zimus, the Returned', 119, 0, 1, 'Creature', 1, 'Zombie', '', 'SD022e-2', '', 10, 5, '', 'Nekrium', 'Token', '', 1, NULL, NULL, NULL, NULL, NULL),
(119, 'Zimus, the Returned', 120, 118, 2, 'Creature', 1, 'Zombie', '', 'SD022e-3.2', '', 14, 7, '', 'Nekrium', 'Token', '', 1, NULL, NULL, NULL, NULL, NULL),
(120, 'Zombie', 121, 0, 1, 'Creature', 1, 'Zombie', '', 'sd022e-3', '', 3, 3, '', 'Nekrium', 'Token', '', 1, NULL, NULL, NULL, NULL, NULL),
(121, 'Zombie', 122, 120, 2, 'Creature', 1, 'Zombie', '', 'sd022e-3', '', 5, 5, '', 'Nekrium', 'Token', '', 1, NULL, NULL, NULL, NULL, NULL),
(122, 'Zombie', 122, 121, 3, 'Creature', 1, 'Zombie', '', 'sd022e-3', '', 9, 9, '', 'Nekrium', 'Token', '', 1, NULL, NULL, NULL, NULL, NULL),
(123, 'Water Walker', 124, 0, 1, 'Creature', 1, 'Ice Asir', 'Forge: Negate Regeneration from a creature.', 'DE190-1 color 2', '', 5, 2, '', 'Tempys', 'Common', '', 1, NULL, NULL, NULL, NULL, NULL),
(124, 'Water Walker', 125, 123, 2, 'Creature', 1, 'Ice Asir', 'Forge: Negate Regeneration from a creature.', 'DE190-2 color 2', '', 12, 9, '', 'Tempys', 'Common', '', 1, NULL, NULL, NULL, NULL, NULL),
(125, 'Water Walker', 125, 124, 3, 'Creature', 1, 'Ice Asir', 'Forge: Negate Regeneration from all creatures.', 'DE190-3 color 2', '', 14, 11, '', 'Tempys', 'Common', '', 1, NULL, NULL, NULL, NULL, NULL),
(126, 'Nargath Bruiser', 127, 0, 1, 'Creature', 1, 'Earth Asir', 'Forge: Give a friendly creature +2 health.', 'SE019c-1', '', 5, 4, '', 'Tempys', 'Common', '', 1, NULL, '137', NULL, NULL, NULL),
(127, 'Nargath Bruiser', 128, 126, 2, 'Creature', 1, 'Earth Asir', 'Forge: Give a friendly creature +4 health.', 'SE019c-2e', '', 8, 7, '', 'Tempys', 'Common', '', 1, NULL, '138', NULL, NULL, NULL),
(128, 'Nargath Bruiser', 128, 127, 3, 'Creature', 1, 'Earth Asir', 'Forge: Give a friendly creature +8 health.', 'SE019c-3e', '', 14, 13, '', 'Tempys', 'Common', '', 1, NULL, '139', NULL, NULL, NULL),
(129, 'Storm Caller', 130, 0, 1, 'Creature', 1, 'Wind Asir', '', 'SE028d-1e', '', 8, 6, '', 'Tempys', 'Common', '', 1, NULL, NULL, NULL, NULL, NULL),
(130, 'Storm Caller', 131, 129, 2, 'Creature', 1, 'Wind Asir', '', 'SE028d-2e', '', 11, 9, '', 'Tempys', 'Common', '', 1, NULL, NULL, NULL, NULL, NULL),
(131, 'Storm Caller', 131, 130, 3, 'Creature', 1, 'Wind Asir', '', 'SE028d-3e', '', 14, 12, '', 'Tempys', 'Common', '', 1, NULL, NULL, NULL, NULL, NULL),
(132, 'Rimehorn Charger', 133, 0, 1, 'Creature', 1, 'Ram', '', 'S11c349-1', '', 5, 8, '', 'Tempys', 'Common', 'Move 1', 1, NULL, NULL, NULL, NULL, NULL),
(133, 'Rimehorn Charger', 134, 132, 2, 'Creature', 1, 'Ram', '', 'S11c349-2', '', 8, 11, '', 'Tempys', 'Common', 'Move 1', 1, NULL, NULL, NULL, NULL, NULL),
(134, 'Rimehorn Charger', 134, 133, 3, 'Creature', 1, 'Ram', '', 'S11c349-3', '', 10, 13, '', 'Tempys', 'Common', 'Move 1', 1, NULL, NULL, NULL, NULL, NULL),
(135, 'Flame Speaker', 136, 0, 1, 'Creature', 1, 'Human', 'When you play a spell, deal 2 damage to the enemy player.', 'SE018c-1e', '', 2, 6, '', 'Tempys', 'Common', '', 1, NULL, '271', NULL, NULL, NULL),
(136, 'Flame Speaker', 137, 135, 2, 'Creature', 1, 'Human', 'When you play a spell, deal 3 damage to the enemy player.', 'SE018c-2e', '', 6, 12, '', 'Tempys', 'Common', '', 1, NULL, '272', NULL, NULL, NULL),
(137, 'Flame Speaker', 137, 136, 3, 'Creature', 1, 'Human', 'When you play a spell, deal 5 damage to the enemy player.', 'SE018c-3e', '', 13, 18, '', 'Tempys', 'Common', '', 1, NULL, '273', NULL, NULL, NULL),
(138, 'Glacial Colossus', 139, 0, 1, 'Creature', 1, 'Ice Elemental', '', 'DE118-1-color2', '', 6, 8, '', 'Tempys', 'Common', 'Defender', 1, NULL, NULL, NULL, NULL, NULL),
(139, 'Glacial Colossus', 140, 138, 2, 'Creature', 1, 'Ice Elemental', '', 'DE118-2-color2', '', 10, 13, '', 'Tempys', 'Common', 'Defender', 1, NULL, NULL, NULL, NULL, NULL),
(140, 'Glacial Colossus', 140, 139, 3, 'Creature', 1, 'Ice Elemental', '', 'DE118-3-color2', '', 16, 19, '', 'Tempys', 'Common', 'Defender', 1, NULL, NULL, NULL, NULL, NULL),
(141, 'Master of Elements', 142, 0, 1, 'Creature', 1, 'Human', '', 'DE208-1 color2', '', 5, 5, '', 'Tempys', 'Heroic', '', 1, NULL, NULL, NULL, NULL, NULL),
(142, 'Master of Elements', 143, 141, 2, 'Creature', 1, 'Human', 'Forge: You may play an additional level 1 spell this turn.', 'DE208-2 color2', '', 9, 9, '', 'Tempys', 'Heroic', '', 1, NULL, '331', NULL, NULL, NULL),
(143, 'Master of Elements', 143, 142, 3, 'Creature', 1, 'Human', 'Forge: You may play an additional level 2 or lower spell this turn.', 'DE208-3 color3', '', 17, 17, '', 'Tempys', 'Heroic', '', 1, NULL, '332', NULL, NULL, NULL),
(144, 'Avalanche Invoker', 145, 0, 1, 'Creature', 1, 'Earth Asir', 'When you gain a rank, deal 3 damage to each non-Tempys creature.', 'BL136-1-Edit', '', 6, 7, '', 'Tempys', 'Heroic', '', 1, NULL, '263', NULL, NULL, NULL),
(145, 'Avalanche Invoker', 146, 144, 2, 'Creature', 1, 'Earth Asir', 'When you gain a rank, deal 6 damage to each non-Tempys creature.', 'BL136-2-Edit', '', 9, 10, '', 'Tempys', 'Heroic', '', 1, NULL, '264', NULL, NULL, NULL),
(146, 'Avalanche Invoker', 146, 145, 3, 'Creature', 1, 'Earth Asir', 'When you gain a rank, deal 12 damage to each non-Tempys creature.', 'BL136-3-Edit', '', 14, 15, '', 'Tempys', 'Heroic', '', 1, NULL, '265', NULL, NULL, NULL),
(147, 'Stormforged Avatar', 148, 0, 1, 'Creature', 1, 'Manticore', 'Forge: <this> gets +1 attack and +1 health for each Tempys card in your hand.', 'SE9005-1', '', 3, 3, '', 'Tempys', 'Heroic', 'Move 1', 1, NULL, '361', NULL, NULL, NULL),
(148, 'Stormforged Avatar', 149, 147, 2, 'Creature', 1, 'Manticore', 'Forge: <this> gets +2 attack and +2 health for each Tempys card in your hand.', 'SE9005-2', '', 4, 4, '', 'Tempys', 'Heroic', 'Move 2', 1, NULL, '361,361', NULL, NULL, NULL),
(149, 'Stormforged Avatar', 149, 148, 3, 'Creature', 1, 'Manticore', 'Forge: <this> gets +3 attack and +3 health for each Tempys card in your hand.', 'SE9005-3', '', 5, 5, '', 'Tempys', 'Heroic', 'Move 3', 1, NULL, '361,361,361', NULL, NULL, NULL),
(150, 'Pyre Giant', 151, 0, 1, 'Creature', 1, 'Fire Giant', 'While <this> is unopposed, it gets +4 attack.', 'se015b-1e', '', 4, 2, '', 'Tempys', 'Heroic', 'Aggressive', 1, '26', NULL, NULL, NULL, NULL),
(151, 'Pyre Giant', 152, 150, 2, 'Creature', 1, 'Fire Giant', 'While <this> is unopposed, it gets +6 attack.', 'se015b-2e', '', 6, 3, '', 'Tempys', 'Heroic', 'Aggressive', 1, '27', NULL, NULL, NULL, NULL),
(152, 'Pyre Giant', 152, 151, 3, 'Creature', 1, 'Fire Giant', 'While <this> is unopposed, it gets +8 attack.', 'se015b-3e', '', 8, 4, '', 'Tempys', 'Heroic', 'Aggressive', 1, '28', NULL, NULL, NULL, NULL),
(153, 'Firefist Uranti', 154, 0, 1, 'Creature', 1, 'Fire Yeti', 'Activate: Deal damage equal to <this>\'s attack to a creature.', 'bl154 1', '', 3, 7, '', 'Tempys', 'Heroic', '', 1, NULL, NULL, '11', NULL, NULL),
(154, 'Firefist Uranti', 155, 153, 2, 'Creature', 1, 'Fire Yeti', 'Activate: Deal damage equal to <this>\'s attack to a creature.', 'bl154 2', '', 5, 11, '', 'Tempys', 'Heroic', '', 1, NULL, NULL, '11', NULL, NULL),
(155, 'Firefist Uranti', 155, 154, 3, 'Creature', 1, 'Fire Yeti', 'Activate: Deal damage equal to <this>\'s attack to a creature.', 'bl154 3', '', 7, 16, '', 'Tempys', 'Heroic', '', 1, NULL, NULL, '11', NULL, NULL),
(156, 'Seismic Adept', 157, 0, 1, 'Creature', 1, 'Human', 'Activate: Move an enemy creature to another available enemy space.', 'SE027d-1e', '', 4, 6, '', 'Tempys', 'Heroic', '', 1, NULL, NULL, '45', NULL, NULL),
(157, 'Seismic Adept', 158, 156, 2, 'Creature', 1, 'Human', 'Activate: Move an enemy creature to another available enemy space.', 'SE027d-2e', '', 7, 12, '', 'Tempys', 'Heroic', '', 1, NULL, NULL, '45', NULL, NULL),
(158, 'Seismic Adept', 158, 157, 3, 'Creature', 1, 'Human', 'Activate: Move an enemy creature to another available enemy space.', 'SE027d-3e', '', 12, 18, '', 'Tempys', 'Heroic', '', 1, NULL, NULL, '45', NULL, NULL),
(159, 'Spiritflame Mystic', 160, 0, 1, 'Creature', 1, 'Human', 'Vengeance: Deal 2 damage to each creature.', 'SE032b-1e', '', 6, 3, '', 'Tempys', 'Heroic', '', 1, NULL, '290', NULL, NULL, NULL),
(160, 'Spiritflame Mystic', 161, 159, 2, 'Creature', 1, 'Human', 'Vengeance: Deal 4 damage to each creature.', 'SE032b-2e', '', 9, 6, '', 'Tempys', 'Heroic', '', 1, NULL, '291', NULL, NULL, NULL),
(161, 'Spiritflame Mystic', 161, 160, 3, 'Creature', 1, 'Human', 'Vengeance: Deal 6 damage to each creature.', 'SE032b-3e', '', 12, 9, '', 'Tempys', 'Heroic', '', 1, NULL, '292', NULL, NULL, NULL),
(162, 'Zyx, Storm Herald', 163, 0, 1, 'Creature', 1, 'Lightning Asir', 'Zyx battles an additional time on your turn.', 'BL133-1', '', 4, 6, '', 'Tempys', 'Legendary', 'Move 1', 2, NULL, NULL, NULL, NULL, NULL),
(163, 'Zyx, Storm Herald', 164, 162, 2, 'Creature', 1, 'Lightning Asir', 'Zyx battles an additional time on your turn.', 'BL133-2', '', 7, 9, '', 'Tempys', 'Legendary', 'Move 1', 2, NULL, NULL, NULL, NULL, NULL),
(164, 'Zyx, Storm Herald', 164, 163, 3, 'Creature', 1, 'Lightning Asir', 'Zyx battles an additional time on your turn.', 'BL133-3', '', 12, 20, '', 'Tempys', 'Legendary', 'Move 1', 2, NULL, NULL, NULL, NULL, NULL),
(165, 'Storm Bringer', 166, 0, 1, 'Creature', 1, 'Wind Elemental', 'At the start of each turn, <this> moves to an available space at random.\r\nFlank: Deal 2 damage to the opposing creature.', 'SE035d-1', '', 5, 6, '', 'Tempys', 'Legendary', '', 1, NULL, '319,320', NULL, NULL, NULL),
(166, 'Storm Bringer', 167, 165, 2, 'Creature', 1, 'Wind Elemental', 'At the start of each turn, <this> moves to an available space at random.\r\nFlank: Deal 4 damage to the opposing creature.', 'SE035d-2', '', 8, 10, '', 'Tempys', 'Legendary', '', 1, NULL, '319,321', NULL, NULL, NULL),
(167, 'Storm Bringer', 167, 166, 3, 'Creature', 1, 'Wind Elemental', 'At the start of each turn, <this> moves to an available space at random.\r\nFlank: Deal 6 damage to the opposing creature.', 'SE035d-3', '', 14, 18, '', 'Tempys', 'Legendary', '', 1, NULL, '319,322', NULL, NULL, NULL),
(168, 'Abraxas, Avatar of Kadras', 169, 0, 1, 'Creature', 1, 'Hydra', 'Activate: Give an adjacent creature 2x attack this turn.', 'DE184-2-Color', '', 4, 7, '', 'Tempys', 'Legendary', '', 1, NULL, NULL, '59', NULL, NULL),
(169, 'Abraxas, Avatar of Kadras', 170, 168, 2, 'Creature', 1, 'Hydra', 'Activate: Each adjacent creature gets 2x attack this turn.', 'DE184-1-Color', '', 7, 11, '', 'Tempys', 'Legendary', '', 1, NULL, NULL, '60', NULL, NULL),
(170, 'Abraxas, Avatar of Kadras', 170, 169, 3, 'Creature', 1, 'Hydra', 'Activate: Each other friendly creature gets 2x attack this turn.', 'DE184-3-Color', '', 12, 21, '', 'Tempys', 'Legendary', '', 1, NULL, NULL, '61', NULL, NULL),
(171, 'Everflame Phoenix', 172, 0, 1, 'Creature', 1, 'Phoenix', '', 'phoenix_1', '', 7, 6, '', 'Tempys', 'Legendary', 'Move 1', 1, NULL, NULL, NULL, NULL, NULL),
(172, 'Everflame Phoenix', 173, 171, 2, 'Creature', 1, 'Phoenix', 'When you gain a rank, replace <this> with a level 3 <this>.', 'phoenix_2', '', 0, 1, '', 'Tempys', 'Legendary', 'Defender', 1, NULL, '266', NULL, NULL, NULL),
(173, 'Everflame Phoenix', 173, 172, 3, 'Creature', 1, 'Phoenix', 'Vengeance: Put a level 2 <this> into this space.', 'phoenix_3', '', 22, 15, '', 'Tempys', 'Legendary', 'Move 2', 1, NULL, '267', NULL, NULL, NULL),
(174, 'Uranti Cryomancer', 175, 0, 1, 'Creature', 1, 'Ice Yeti', 'Activate: Deal 1 damage to a creature.', 'AR001_1', '', 2, 8, '', 'Tempys', 'Rare', '', 1, NULL, NULL, '35', NULL, NULL),
(175, 'Uranti Cryomancer', 176, 174, 2, 'Creature', 1, 'Ice Yeti', 'Activate: Deal 3 damage to a creature.', 'AR001_2', '', 4, 13, '', 'Tempys', 'Rare', '', 1, NULL, NULL, '36', NULL, NULL),
(176, 'Uranti Cryomancer', 176, 175, 3, 'Creature', 1, 'Ice Yeti', 'Activate: Deal 5 damage to a creature.', 'AR001_3', '', 7, 17, '', 'Tempys', 'Rare', '', 1, NULL, NULL, '37', NULL, NULL),
(177, 'Sparkblade Assassin', 178, 0, 1, 'Creature', 1, 'Human', '', 'MALCOM-1 rev', '', 4, 5, '', 'Alloyin', 'Common', '', 1, NULL, NULL, NULL, NULL, NULL),
(178, 'Sparkblade Assassin', 179, 177, 2, 'Creature', 1, 'Human', '', 'MALCOM-2 rev', '', 12, 13, '', 'Alloyin', 'Common', '', 1, NULL, NULL, NULL, NULL, NULL),
(179, 'Sparkblade Assassin', 179, 178, 3, 'Creature', 1, 'Human', '', 'MALCOM-3', '', 14, 15, '', 'Alloyin', 'Common', '', 1, NULL, NULL, NULL, NULL, NULL),
(180, 'Aegis Conscript', 181, 0, 1, 'Creature', 1, 'Human', 'Forge: Give a friendly creature Armor 1.', 'DM247-1-color2', '', 3, 6, '', 'Alloyin', 'Common', '', 1, NULL, '115', NULL, NULL, NULL),
(181, 'Aegis Conscript', 182, 180, 2, 'Creature', 1, 'Human', 'Forge: Give a friendly creature Armor 2.', 'DM247-2-color2', '', 6, 9, '', 'Alloyin', 'Common', '', 1, NULL, '116', NULL, NULL, NULL),
(182, 'Aegis Conscript', 182, 181, 3, 'Creature', 1, 'Human', 'Forge: Give a friendly creature Armor 4.', 'DM247-3-color2', '', 12, 15, '', 'Alloyin', 'Common', '', 1, NULL, '117', NULL, NULL, NULL),
(183, 'Forge Guardian Alpha', 184, 0, 1, 'Creature', 1, 'Robot Guardian', '', 'voltron_a_1', '', 4, 8, '', 'Alloyin', 'Common', 'Defender', 1, NULL, NULL, NULL, NULL, NULL),
(184, 'Forge Guardian Alpha', 185, 183, 2, 'Creature', 1, 'Robot Guardian', '', 'voltron_a_2', '', 8, 14, '', 'Alloyin', 'Common', 'Defender', 1, NULL, NULL, NULL, NULL, NULL),
(185, 'Forge Guardian Alpha', 185, 184, 3, 'Creature', 1, 'Robot Guardian', '', 'voltron_a_3', '', 20, 26, '', 'Alloyin', 'Common', 'Defender', 1, NULL, NULL, NULL, NULL, NULL),
(186, 'Nexus Core', 187, 0, 1, 'Creature', 1, 'Robot', '', 'DM241-1 Color', '', 0, 15, '', 'Alloyin', 'Common', 'Defender', 1, NULL, NULL, NULL, NULL, NULL),
(187, 'Nexus Core', 188, 186, 2, 'Creature', 1, 'Robot', '', 'DM241-2 Color', '', 0, 25, '', 'Alloyin', 'Common', 'Defender', 1, NULL, NULL, NULL, NULL, NULL),
(188, 'Nexus Core', 188, 187, 3, 'Creature', 1, 'Robot', '', 'DM241-3 Color', '', 0, 40, '', 'Alloyin', 'Common', 'Defender', 1, NULL, NULL, NULL, NULL, NULL),
(189, 'Metamind Adept', 190, 0, 1, 'Creature', 1, 'Metamind', 'Forge: Draw 1 card.', 'DM271-1 Color', '', 5, 4, '', 'Alloyin', 'Common', '', 1, NULL, '220', NULL, NULL, NULL),
(190, 'Metamind Adept', 191, 189, 2, 'Creature', 1, 'Metamind', 'Forge: Draw 2 cards.', 'DM271-2 Color', '', 9, 8, '', 'Alloyin', 'Common', '', 1, NULL, '221', NULL, NULL, NULL),
(191, 'Metamind Adept', 191, 190, 3, 'Creature', 1, 'Metamind', 'Forge: Draw 3 cards.', 'DM271-3 Color', '', 15, 13, '', 'Alloyin', 'Common', '', 1, NULL, '222', NULL, NULL, NULL),
(192, 'Vault Technician', 193, 0, 1, 'Creature', 1, 'Human', '', 'DM277-1 Color', '', 6, 3, '', 'Alloyin', 'Common', '', 1, NULL, NULL, NULL, NULL, NULL),
(193, 'Vault Technician', 194, 192, 2, 'Creature', 1, 'Human', '', 'DM277-2 Color', '', 12, 9, '', 'Alloyin', 'Common', '', 1, NULL, NULL, NULL, NULL, NULL),
(194, 'Vault Technician', 194, 193, 3, 'Creature', 1, 'Human', '', 'DM277-3 Color', '', 18, 15, '', 'Alloyin', 'Common', '', 1, NULL, NULL, NULL, NULL, NULL),
(195, 'Palladium Pulsemage', 196, 0, 1, 'Creature', 1, 'Human', 'Activate: Give a creature -4 attack this turn.', 'sm021e-1', '', 2, 7, '', 'Alloyin', 'Rare', '', 1, NULL, NULL, '32', NULL, NULL),
(196, 'Palladium Pulsemage', 197, 195, 2, 'Creature', 1, 'Human', 'Activate: Give a creature -8 attack this turn.', 'sm021e-2', '', 8, 12, '', 'Alloyin', 'Rare', '', 1, NULL, NULL, '33', NULL, NULL),
(197, 'Palladium Pulsemage', 197, 196, 3, 'Creature', 1, 'Human', 'Activate: Give a creature -12 attack this turn.', 'sm021e-3', '', 12, 15, '', 'Alloyin', 'Rare', '', 1, NULL, NULL, '34', NULL, NULL),
(198, 'Nexus Pilot', 199, 0, 1, 'Creature', 1, 'Human', 'While <this> is in the center space, it gets +3 attack and +4 health.', 'S11C247-1', '', 3, 4, '', 'Alloyin', 'Common', '', 1, '22', NULL, NULL, NULL, NULL),
(199, 'Nexus Pilot', 200, 198, 2, 'Creature', 1, 'Human', 'While <this> is in the center space, it gets +5 attack and +7 health.', 'S11_C247-2', '', 5, 7, '', 'Alloyin', 'Common', '', 1, '23', NULL, NULL, NULL, NULL),
(200, 'Nexus Pilot', 200, 199, 3, 'Creature', 1, 'Human', 'While <this> is in the center space, it gets +8 attack and +10 health.', 'S11_C247-3', '', 8, 10, '', 'Alloyin', 'Common', '', 1, '24', NULL, NULL, NULL, NULL),
(201, 'Lightshield Patrol', 202, 0, 1, 'Creature', 1, 'Human', 'While <this> has 5 or more attack, it gets Armor 2.', 'patrolman_1', '', 4, 5, '', 'Alloyin', 'Common', '', 1, '29', NULL, NULL, NULL, NULL),
(202, 'Lightshield Patrol', 203, 201, 2, 'Creature', 1, 'Human', 'While <this> has 10 or more attack, it gets Armor 3.', 'patrolman_2', '', 7, 10, '', 'Alloyin', 'Common', '', 1, '30', NULL, NULL, NULL, NULL),
(203, 'Lightshield Patrol', 203, 202, 3, 'Creature', 1, 'Human', 'While <this> has 20 or more attack, it gets Armor 4.', 'patrolman_3', '', 15, 20, '', 'Alloyin', 'Common', '', 1, '31', NULL, NULL, NULL, NULL),
(204, 'Alloyin Highlander', 205, 0, 1, 'Creature', 1, 'Robot', 'While <this> is your only friendly creature, it gets +4 attack and Armor 2.', 'BL103-1', '', 5, 6, '', 'Alloyin', 'Heroic', '', 1, '16,17', NULL, NULL, NULL, NULL),
(205, 'Alloyin Highlander', 206, 204, 2, 'Creature', 1, 'Robot', 'While <this> is your only friendly creature, it gets +8 attack and Armor 4.', 'BL103-2', '', 7, 9, '', 'Alloyin', 'Heroic', '', 1, '18,19', NULL, NULL, NULL, NULL),
(206, 'Alloyin Highlander', 206, 205, 3, 'Creature', 1, 'Robot', 'While <this> is your only friendly creature, it gets +12 attack and Armor 8.', 'BL103-3', '', 10, 14, '', 'Alloyin', 'Heroic', '', 1, '20,21', NULL, NULL, NULL, NULL),
(207, 'Battle Techtician', 208, 0, 1, 'Creature', 1, 'Human', 'While this is in the center space, each other friendly creature gets +2 attack.', 'DM232-1-color', '', 3, 7, '', 'Alloyin', 'Heroic', '', 1, '7', NULL, NULL, NULL, NULL),
(208, 'Battle Techtician', 209, 207, 2, 'Creature', 1, 'Human', 'While this is in the center space, each other friendly creature gets +4 attack.', 'DM232-2-color', '', 7, 11, '', 'Alloyin', 'Heroic', '', 1, '8', NULL, NULL, NULL, NULL),
(209, 'Battle Techtician', 209, 208, 3, 'Creature', 1, 'Human', 'While this is in the center space, each other friendly creature gets +8 attack.', 'DM232-3-color', '', 14, 17, '', 'Alloyin', 'Heroic', '', 1, '9', NULL, NULL, NULL, NULL),
(210, 'Oreian Battledroid', 211, 0, 1, 'Creature', 1, 'Robot', '', 'bl097 1', '', 5, 1, '', 'Alloyin', 'Heroic', 'Armor 5', 1, NULL, NULL, NULL, NULL, NULL),
(211, 'Oreian Battledroid', 212, 210, 2, 'Creature', 1, 'Robot', '', 'bl097 2', '', 7, 1, '', 'Alloyin', 'Heroic', 'Armor 7', 1, NULL, NULL, NULL, NULL, NULL),
(212, 'Oreian Battledroid', 212, 211, 3, 'Creature', 1, 'Robot', '', 'bl097 3', '', 17, 1, '', 'Alloyin', 'Heroic', 'Armor 17', 1, NULL, NULL, NULL, NULL, NULL),
(213, 'Forge Guardian Gamma', 214, 0, 1, 'Creature', 1, 'Robot Guardian', 'Activate, destroy five friendly Robot Guardians: Put a 25/25 <card card_id=BL253>Forge Guardian Omega</card> into this space. ', 'voltron_c_1', '', 6, 6, '', 'Alloyin', 'Heroic', '', 1, NULL, NULL, '49', NULL, NULL),
(214, 'Forge Guardian Gamma', 215, 213, 2, 'Creature', 1, 'Robot Guardian', 'Activate, destroy five friendly Robot Guardians: Put a 50/50 <card card_id=BL254>Forge Guardian Omega</card> into this space. ', 'voltron_c_2', '', 10, 10, '', 'Alloyin', 'Heroic', '', 1, NULL, NULL, NULL, NULL, NULL),
(215, 'Forge Guardian Gamma', 215, 214, 3, 'Creature', 1, 'Robot Guardian', 'Activate, destroy five friendly Robot Guardians: Put an 80/80 <card card_id=BL255>Forge Guardian Omega</card> into this space. ', 'voltron_c_3', '', 18, 18, '', 'Alloyin', 'Heroic', '', 1, NULL, NULL, NULL, NULL, NULL),
(216, 'Steelforged Avatar', 217, 0, 1, 'Creature', 1, 'Cyborg', 'Forge: <this> gets +1 attack and +1 health for each Alloyin card in your hand.', 'sm9013-1', '', 3, 3, '', 'Alloyin', 'Heroic', 'Armor 1', 1, NULL, '360', NULL, NULL, NULL),
(217, 'Steelforged Avatar', 218, 216, 2, 'Creature', 1, 'Cyborg', 'Forge: <this> gets +2 attack and +2 health for each Alloyin card in your hand.', 'sm9013-2', '', 4, 4, '', 'Alloyin', 'Heroic', 'Armor 2', 1, NULL, '360,360', NULL, NULL, NULL),
(218, 'Steelforged Avatar', 218, 217, 3, 'Creature', 1, 'Cyborg', 'Forge: <this> gets +3 attack and +3 health for each Alloyin card in your hand.', 'sm9013-3', '', 5, 5, '', 'Alloyin', 'Heroic', 'Armor 3', 1, NULL, '360,360,360', NULL, NULL, NULL),
(219, 'Brightsteel Gargoyle', 220, 0, 1, 'Creature', 1, 'Robot', 'At the end of your turn, <this> gets Armor 2 and Defender until the end of the next turn.', 'Gargoyle1', '', 6, 6, '', 'Alloyin', 'Legendary', 'Move 1', 1, NULL, '229', NULL, NULL, NULL),
(220, 'Brightsteel Gargoyle', 221, 219, 2, 'Creature', 1, 'Robot', 'At the end of your turn, <this> gets Armor 5 and Defender until the end of the next turn.', 'Gargoyle2', '', 10, 10, '', 'Alloyin', 'Legendary', 'Move 1', 1, NULL, '230', NULL, NULL, NULL),
(221, 'Brightsteel Gargoyle', 221, 220, 3, 'Creature', 1, 'Robot', 'At the end of your turn, <this> gets Armor 10 and Defender until the end of the next turn.', 'Gargoyle3', '', 16, 16, '', 'Alloyin', 'Legendary', 'Move 1', 1, NULL, '231', NULL, NULL, NULL),
(222, 'Arcflight Squadron', 223, 0, 1, 'Creature', 1, 'Robot', 'Activate: You may play an additional level 1 Robot this turn.', 'SM9011-1', '', 4, 6, '', 'Alloyin', 'Legendary', '', 1, NULL, NULL, '8', NULL, NULL),
(223, 'Arcflight Squadron', 224, 222, 2, 'Creature', 1, 'Robot', 'Activate: You may play an additional level 2 or lower Robot this turn.', 'SM9011-2', '', 7, 9, '', 'Alloyin', 'Legendary', '', 1, NULL, NULL, '9', NULL, NULL),
(224, 'Arcflight Squadron', 224, 223, 3, 'Creature', 1, 'Robot', 'Activate: You may play an additional Robot this turn.', 'SM9011-3', '', 10, 12, '', 'Alloyin', 'Legendary', '', 1, NULL, NULL, '10', NULL, NULL),
(225, 'Oreian Warwalker', 226, 0, 1, 'Creature', 1, 'Robot', 'Activate: <this> gets 2x attack.', 'SM9012-1', '', 3, 6, '', 'Alloyin', 'Legendary', '', 1, NULL, NULL, '57', NULL, NULL),
(226, 'Oreian Warwalker', 227, 225, 2, 'Creature', 1, 'Robot', 'Activate: <this> gets 2x attack.', 'SM9012-2', '', 5, 10, '', 'Alloyin', 'Legendary', '', 1, NULL, NULL, '57', NULL, NULL),
(227, 'Oreian Warwalker', 227, 226, 3, 'Creature', 1, 'Robot', 'Activate: <this> gets 3x attack.', 'SM9012-3', '', 9, 18, '', 'Alloyin', 'Legendary', '', 1, NULL, NULL, '58', NULL, NULL),
(228, 'Flowsteel Prototype', 229, 0, 1, 'Creature', 1, 'Shapeshifter', '', 'SM016e-1', '', 3, 8, '', 'Alloyin', 'Legendary', '', 1, NULL, NULL, NULL, NULL, NULL),
(229, 'Flowsteel Prototype', 230, 228, 2, 'Creature', 1, 'Shapeshifter', 'When you Forge a level 1 creature, <this> gets +attack equal to that creature\'s attack.', 'SM016e-2', '', 6, 15, '', 'Alloyin', 'Legendary', 'Move 1', 1, NULL, '168', NULL, NULL, NULL),
(230, 'Flowsteel Prototype', 230, 229, 3, 'Creature', 1, 'Shapeshifter', 'When you Forge  a level 2 or lower creature, <this> gets +attack equal to that creature\'s attack.', 'SM016e-3', '', 8, 20, '', 'Alloyin', 'Legendary', 'Move 2', 1, NULL, '169', NULL, NULL, NULL),
(231, 'Hinterland Watchman', 232, 0, 1, 'Creature', 1, 'Mech', 'While <this> has 5 or more attack, it gets Mobility 3.', 'BL064-1', '', 4, 7, '', 'Alloyin', 'Legendary', '', 1, '44', NULL, NULL, NULL, NULL),
(232, 'Hinterland Watchman', 233, 231, 2, 'Creature', 1, 'Mech', 'While <this> has 10 or more attack, it gets Armor 5 and Mobility 3.', 'BL064-2', '', 7, 10, '', 'Alloyin', 'Legendary', '', 1, '45,46', NULL, NULL, NULL, NULL),
(233, 'Hinterland Watchman', 233, 232, 3, 'Creature', 1, 'Mech', 'While <this> has 20 or more attack, it gets Armor 5, Breakthrough, Aggressive, Mobility 3, and Regenerate 5.', 'BL064-3', '', 15, 20, '', 'Alloyin', 'Legendary', '', 1, '47,48,49,50,51', NULL, NULL, NULL, NULL),
(234, 'Ghox, Metamind Paragon', 235, 0, 1, 'Creature', 1, 'Metamind', 'At the start of your turn, draw 1 card.', 'BL307-1', '', 4, 6, '', 'Alloyin', 'Legendary', '', 1, NULL, '226', NULL, NULL, NULL),
(235, 'Ghox, Metamind Paragon', 236, 234, 2, 'Creature', 1, 'Metamind', 'At the start of your turn, draw 2 cards.', 'BL307-2', '', 8, 12, '', 'Alloyin', 'Legendary', '', 1, NULL, '227', NULL, NULL, NULL);
INSERT INTO `carddata` (`CardId`, `Name`, `levelsto`, `levels from`, `level`, `CardType`, `cost`, `subtype`, `Text`, `Cardart`, `Tooltips`, `Attack`, `Health`, `FlavorText`, `Faction`, `rarity`, `keywords`, `battlesperturn`, `basestatic`, `basetriggers`, `activated`, `targets`, `effects`) VALUES
(236, 'Ghox, Metamind Paragon', 236, 235, 3, 'Creature', 1, 'Metamind', 'At the start of your turn, draw 3 cards.', 'BL307-3', '', 14, 18, '', 'Alloyin', 'Legendary', '', 1, NULL, '228', NULL, NULL, NULL),
(237, 'Forge Guardian Beta', 238, 0, 1, 'Creature', 1, 'Robot Guardian', '', 'voltron_b_1', '', 5, 3, '', 'Alloyin', 'Rare', 'Armor 2', 1, NULL, NULL, NULL, NULL, NULL),
(238, 'Forge Guardian Beta', 239, 237, 2, 'Creature', 1, 'Robot Guardian', '', 'voltron_b_2', '', 8, 6, '', 'Alloyin', 'Rare', 'Armor 3', 1, NULL, NULL, NULL, NULL, NULL),
(239, 'Forge Guardian Beta', 239, 238, 3, 'Creature', 1, 'Robot Guardian', '', 'voltron_b_3', '', 20, 18, '', 'Alloyin', 'Rare', 'Armor 4', 1, NULL, NULL, NULL, NULL, NULL),
(240, 'Stasis Warden', 241, 0, 1, 'Creature', 1, 'Metamind', 'When you play a spell, give a friendly creature Defender until the end of the enemy player\'s next turn.', 'Extra metamind-1', '', 5, 6, '', 'Alloyin', 'Rare', '', 1, NULL, '274', NULL, NULL, NULL),
(241, 'Stasis Warden', 242, 240, 2, 'Creature', 1, 'Metamind', 'When you play a spell, give a friendly creature Defender until the end of the enemy player\'s next turn.', 'Extra metamind-2', '', 9, 10, '', 'Alloyin', 'Rare', '', 1, NULL, '274', NULL, NULL, NULL),
(242, 'Stasis Warden', 242, 241, 3, 'Creature', 1, 'Metamind', 'When you play a spell, give a friendly creature Defender until the end of the enemy player\'s next turn.', 'Extra metamind-3', '', 15, 16, '', 'Alloyin', 'Rare', '', 1, NULL, '274', NULL, NULL, NULL),
(243, 'Forge Guardian Omega', 244, 0, 1, 'Creature', 1, 'Robot Guardian', '', 'SF3_A128(1)', '', 25, 25, '', 'Alloyin', 'Token', 'Consistent,Armor 10,Breakthrough,Aggressive,Move 1', 1, NULL, NULL, NULL, NULL, NULL),
(244, 'Forge Guardian Omega', 245, 243, 2, 'Creature', 1, 'Robot Guardian', '', 'SF3_A128(2)', '', 50, 50, '', 'Alloyin', 'Token', 'Consistent,Armor 20,Breakthrough,Aggressive,Move 2', 1, NULL, NULL, NULL, NULL, NULL),
(245, 'Forge Guardian Omega', 245, 244, 3, 'Creature', 1, 'Robot Guardian', '', 'SF3_A128(3)', '', 80, 80, '', 'Alloyin', 'Token', 'Consistent,Armor 40,Breakthrough,Aggressive,Move 4', 1, NULL, NULL, NULL, NULL, NULL),
(246, 'Bramblewood Guardian', 247, 0, 1, 'Creature', 1, 'Plant', '', 'MH088-1', '', 2, 9, '', 'Uterra', 'Common', '', 1, NULL, NULL, NULL, NULL, NULL),
(247, 'Bramblewood Guardian', 248, 246, 2, 'Creature', 1, 'Plant', '', 'MH088-2', '', 6, 14, '', 'Uterra', 'Common', '', 1, NULL, NULL, NULL, NULL, NULL),
(248, 'Bramblewood Guardian', 248, 247, 3, 'Creature', 1, 'Plant', '', 'MH088-3', '', 12, 24, '', 'Uterra', 'Common', '', 1, NULL, NULL, NULL, NULL, NULL),
(249, 'Grove Matriarch', 250, 0, 1, 'Creature', 1, 'Plant', 'Vengeance: Put a 1/1 <card card_id=Seedling_Token>Seedling</card> into this space.', 'grovemother', '', 4, 6, '', 'Uterra', 'Common', '', 1, NULL, '182', NULL, NULL, NULL),
(250, 'Grove Matriarch', 251, 249, 2, 'Creature', 1, 'Plant', 'Vengeance: Put a 3/3 <card card_id=Seedling_Token2>Sapling</card> into this space.', 'grovemother2', '', 8, 10, '', 'Uterra', 'Common', '', 1, NULL, '183', NULL, NULL, NULL),
(251, 'Grove Matriarch', 251, 250, 3, 'Creature', 1, 'Plant', 'Vengeance: Put a 5/5 <card card_id=Seedling_Token3>Treefolk</card> into this space.', 'grovemother3', '', 14, 16, '', 'Uterra', 'Common', '', 1, NULL, '184', NULL, NULL, NULL),
(252, 'Swampmoss Lurker', 253, 0, 1, 'Creature', 1, 'Dinosaur', '', 'SE034d-1', '', 8, 4, '', 'Uterra', 'Common', '', 1, NULL, NULL, NULL, NULL, NULL),
(253, 'Swampmoss Lurker', 254, 252, 2, 'Creature', 1, 'Dinosaur', '', 'SE034d-2', '', 13, 6, '', 'Uterra', 'Common', '', 1, NULL, NULL, NULL, NULL, NULL),
(254, 'Swampmoss Lurker', 254, 253, 3, 'Creature', 1, 'Dinosaur', '', 'SE034d-3', '', 22, 15, '', 'Uterra', 'Common', '', 1, NULL, NULL, NULL, NULL, NULL),
(255, 'Ether Hounds', 256, 0, 1, 'Creature', 1, 'Spirit', 'Forge: Put a copy of this into an available space.', 'DM352-1 Color', '', 3, 3, '', 'Uterra', 'Common', '', 1, NULL, '143', NULL, NULL, NULL),
(256, 'Ether Hounds', 257, 255, 2, 'Creature', 1, 'Spirit', 'Forge: Put a copy of this into an available space.', 'DM352-2 Color', '', 6, 6, '', 'Uterra', 'Common', '', 1, NULL, '144', NULL, NULL, NULL),
(257, 'Ether Hounds', 257, 256, 3, 'Creature', 1, 'Spirit', 'Forge: Put a copy of this into an available space.', 'DM352-3 Color', '', 9, 9, '', 'Uterra', 'Common', '', 1, NULL, '145', NULL, NULL, NULL),
(258, 'Restless Wanderers', 259, 0, 1, 'Creature', 1, 'Spirit Wanderer', 'When another friendly Spirit Wanderer enters play, <this> gets +3 attack and +3 health.', 'DM403-1-color', '', 5, 3, '', 'Uterra', 'Heroic', '', 1, NULL, '223', NULL, NULL, NULL),
(259, 'Restless Wanderers', 260, 258, 2, 'Creature', 1, 'Spirit Wanderer', 'When another friendly Spirit Wanderer enters play, <this> gets +6 attack and +6 health.', 'DM403-2-color', '', 10, 6, '', 'Uterra', 'Heroic', '', 1, NULL, '224', NULL, NULL, NULL),
(260, 'Restless Wanderers', 260, 259, 3, 'Creature', 1, 'Spirit Wanderer', 'When another friendly Spirit Wanderer enters play, <this> gets +9 attack and +9 health.', 'DM403-3-color', '', 14, 10, '', 'Uterra', 'Heroic', '', 1, NULL, '225', NULL, NULL, NULL),
(261, 'Deepwood Bear Rider', 262, 0, 1, 'Creature', 1, 'Lupin', '', 'SL003a-1', '', 5, 2, '', 'Uterra', 'Common', '', 1, NULL, NULL, NULL, NULL, NULL),
(262, 'Deepwood Bear Rider', 263, 261, 2, 'Creature', 1, 'Lupin', '', 'SL003a-2', '', 16, 8, '', 'Uterra', 'Common', '', 1, NULL, NULL, NULL, NULL, NULL),
(263, 'Deepwood Bear Rider', 263, 262, 3, 'Creature', 1, 'Lupin', '', 'SL003a-3', '', 18, 10, '', 'Uterra', 'Common', '', 1, NULL, NULL, NULL, NULL, NULL),
(264, 'Ghostscale Cobra', 265, 0, 1, 'Creature', 1, 'Snake', 'When <this> deals battle damage to a creature, that creature gets Poison 4.', 'MH082-1rev', '', 4, 1, '', 'Uterra', 'Common', '', 1, NULL, '155', NULL, NULL, NULL),
(265, 'Ghostscale Cobra', 266, 264, 2, 'Creature', 1, 'Snake', 'When <this> deals battle damage to a creature, that creature gets Poison 6.', 'MH082-2rev', '', 6, 3, '', 'Uterra', 'Common', '', 1, NULL, '156', NULL, NULL, NULL),
(266, 'Ghostscale Cobra', 266, 265, 3, 'Creature', 1, 'Snake', 'When <this> deals battle damage to a creature, that creature gets Poison 10.', 'MH082-3rev', '', 10, 5, '', 'Uterra', 'Common', '', 1, NULL, '157', NULL, NULL, NULL),
(267, 'Mossbeard Patriarch', 268, 0, 1, 'Creature', 1, 'Plant', 'Activate: Give another creature +4 health.', 'BL043-1', '', 1, 8, '', 'Uterra', 'Heroic', '', 1, NULL, NULL, '21', NULL, NULL),
(268, 'Mossbeard Patriarch', 269, 267, 2, 'Creature', 1, 'Plant', 'Activate: Give another creature +6 health.', 'BL043-2', '', 3, 12, '', 'Uterra', 'Heroic', '', 1, NULL, NULL, '22', NULL, NULL),
(269, 'Mossbeard Patriarch', 269, 268, 3, 'Creature', 1, 'Plant', 'Activate: Give another creature +8 health.', 'BL043-3', '', 7, 20, '', 'Uterra', 'Heroic', '', 1, NULL, NULL, '23', NULL, NULL),
(270, 'Frostwild Tracker', 271, 0, 1, 'Creature', 1, 'Tigrin', '', 'SN9017 1', '', 4, 2, '', 'Uterra', 'Heroic', '', 1, NULL, NULL, NULL, NULL, NULL),
(271, 'Frostwild Tracker', 272, 270, 2, 'Creature', 1, 'Tigrin', 'Forge: You may play an additional level 1 creature this turn.', 'SN9017 2', '', 7, 4, '', 'Uterra', 'Heroic', '', 1, NULL, '329', NULL, NULL, NULL),
(272, 'Frostwild Tracker', 272, 271, 3, 'Creature', 1, 'Tigrin', 'Forge: You may play an additional level 2 or lower creature this turn.', 'SN9017 3', '', 12, 8, '', 'Uterra', 'Heroic', '', 1, NULL, '330', NULL, NULL, NULL),
(273, 'Rootforged Avatar', 274, 0, 1, 'Creature', 1, 'Human', 'Forge: <this> gets +1 attack and +1 health for each Uterra card in your hand.', 'DM358-1-color2', '', 3, 3, '', 'Uterra', 'Heroic', 'Breakthrough', 1, NULL, '359', NULL, NULL, NULL),
(274, 'Rootforged Avatar', 275, 273, 2, 'Creature', 1, 'Human', 'Forge: <this> gets +2 attack and +2 health for each Uterra card in your hand.', 'DM358-2-color', '', 4, 4, '', 'Uterra', 'Heroic', 'Breakthrough', 1, NULL, '359,359', NULL, NULL, NULL),
(275, 'Rootforged Avatar', 275, 274, 3, 'Creature', 1, 'Human', 'Forge: <this> gets +3 attack and +3 health for each Uterra card in your hand.', 'DM358-3 Color2', '', 5, 5, '', 'Uterra', 'Heroic', 'Breakthrough', 1, NULL, '359,359,359', NULL, NULL, NULL),
(276, 'Deepbranch Ancient', 277, 0, 1, 'Creature', 1, 'Hydra', 'Forge: If there is a friendly creature in each space, <this> gets +4 attack and +4 health.', 'DM406-1-color', '', 4, 4, '', 'Uterra', 'Heroic', '', 1, NULL, '162', NULL, NULL, NULL),
(277, 'Deepbranch Ancient', 278, 276, 2, 'Creature', 1, 'Hydra', 'Forge: If there is a friendly creature in each space, <this> gets +8 attack and +8 health.', 'DM406-2-color', '', 8, 8, '', 'Uterra', 'Heroic', '', 1, NULL, '163', NULL, NULL, NULL),
(278, 'Deepbranch Ancient', 278, 277, 3, 'Creature', 1, 'Hydra', 'Forge: If there is a friendly creature in each space, <this> gets +12 attack and +12 health.', 'DM406-3-color', '', 12, 12, '', 'Uterra', 'Heroic', '', 1, NULL, '164', NULL, NULL, NULL),
(279, 'Lifeblood Dryad', 280, 0, 1, 'Creature', 1, 'Dryad', 'Forge: If there is a friendly creature in each space, each other friendly creature gets +2 attack and +2 health.', 'SA10_a', '', 4, 4, '', 'Uterra', 'Heroic', '', 1, NULL, '152', NULL, NULL, NULL),
(280, 'Lifeblood Dryad', 281, 279, 2, 'Creature', 1, 'Dryad', 'Forge: If there is a friendly creature in each space, each other friendly creature gets +3 attack and +3 health.', 'SA10_b', '', 7, 7, '', 'Uterra', 'Heroic', '', 1, NULL, '153', NULL, NULL, NULL),
(281, 'Lifeblood Dryad', 281, 280, 3, 'Creature', 1, 'Dryad', 'Forge: If there is a friendly creature in each space, each other friendly creature gets +6 attack and +6 health.', 'SA10_c', '', 9, 9, '', 'Uterra', 'Heroic', '', 1, NULL, '154', NULL, NULL, NULL),
(282, 'Runegrove Guardian', 283, 0, 1, 'Creature', 1, 'Plant', 'When you gain a rank, <this> gets +4 attack and +4 health.', 'DM334-1 Color', '', 4, 4, '', 'Uterra', 'Heroic', '', 1, NULL, '268', NULL, NULL, NULL),
(283, 'Runegrove Guardian', 284, 282, 2, 'Creature', 1, 'Plant', 'When you gain a rank, <this> gets +8 attack and +8 health.', 'DM334-2 Color', '', 8, 8, '', 'Uterra', 'Heroic', '', 1, NULL, '269', NULL, NULL, NULL),
(284, 'Runegrove Guardian', 284, 283, 3, 'Creature', 1, 'Plant', 'When you gain a rank, <this> gets +14 attack and +14 health.', 'DM334-3 Color', '', 14, 14, '', 'Uterra', 'Heroic', '', 1, NULL, '270', NULL, NULL, NULL),
(285, 'Heart Tree', 286, 0, 1, 'Creature', 1, 'Plant', 'Each other friendly creature gets Regenerate 2.', 'SN9022-1', '', 0, 10, '', 'Uterra', 'Legendary', 'Defender,Regenerate 2', 1, '10', NULL, NULL, NULL, NULL),
(286, 'Heart Tree', 287, 285, 2, 'Creature', 1, 'Plant', 'Each other friendly creature gets Regenerate 4.', 'SN9022-2', '', 0, 15, '', 'Uterra', 'Legendary', 'Defender,Regenerate 4', 1, '11', NULL, NULL, NULL, NULL),
(287, 'Heart Tree', 287, 286, 3, 'Creature', 1, 'Plant', 'Each other friendly creature gets Regenerate 6.', 'SN9022-3', '', 0, 30, '', 'Uterra', 'Legendary', 'Defender,Regenerate 6', 1, '12', NULL, NULL, NULL, NULL),
(288, 'Shardplate Mutant', 289, 0, 1, 'Creature', 1, 'Insect', 'At the start of your turn, discard down to 2 cards at random.', 'DM340-1 Color', '', 9, 9, '', 'Uterra', 'Legendary', 'Breakthrough', 1, NULL, '172', NULL, NULL, NULL),
(289, 'Shardplate Mutant', 290, 288, 2, 'Creature', 1, 'Insect', 'At the start of your turn, discard down to 2 cards at random.', 'DM340-2 Color', '', 14, 14, '', 'Uterra', 'Legendary', 'Breakthrough', 1, NULL, '172', NULL, NULL, NULL),
(290, 'Shardplate Mutant', 290, 289, 3, 'Creature', 1, 'Insect', 'At the start of your turn, discard down to 2 cards at random.', 'DM340-3 Color', '', 21, 21, '', 'Uterra', 'Legendary', 'Breakthrough', 1, NULL, '172', NULL, NULL, NULL),
(291, 'Talisin, Bard of Abundance', 292, 0, 1, 'Creature', 1, 'Satyr', 'At the start of each player\'s turn, that player may play an additional card.', 'DM394-1_Color', '', 8, 10, '', 'Uterra', 'Legendary', '', 1, NULL, '372', NULL, NULL, NULL),
(292, 'Talisin, Bard of Abundance', 293, 291, 2, 'Creature', 1, 'Satyr', 'At the start of each player\'s turn, that player may play an additional card.', 'DM394-2-color2', '', 12, 14, '', 'Uterra', 'Legendary', '', 1, NULL, '372', NULL, NULL, NULL),
(293, 'Talisin, Bard of Abundance', 293, 292, 3, 'Creature', 1, 'Satyr', 'At the start of your turn, you may play an additional card.', 'DM394-3-color2', '', 16, 20, '', 'Uterra', 'Legendary', '', 1, NULL, '373', NULL, NULL, NULL),
(294, 'Leafkin Progenitor', 295, 0, 1, 'Creature', 1, 'Plant', 'Activate: Replace this with a level 2 <this>.', 'force_of_nurture_1', '', 3, 3, '', 'Uterra', 'Legendary', '', 1, NULL, NULL, '30', NULL, NULL),
(295, 'Leafkin Progenitor', 296, 294, 2, 'Creature', 1, 'Plant', 'Activate: Replace this with a level 3 <this>.', 'force_of_nurture_2', '', 7, 7, '', 'Uterra', 'Legendary', '', 1, NULL, NULL, '31', NULL, NULL),
(296, 'Leafkin Progenitor', 296, 295, 3, 'Creature', 1, 'Plant', 'Activate: Put a level 1 <this> into an adjacent available space.', 'force_of_nurture_3', '', 11, 11, '', 'Uterra', 'Legendary', '', 1, NULL, NULL, '29', NULL, NULL),
(297, 'Arboris, Grove Dragon', 298, 0, 1, 'Creature', 1, 'Dragon', 'While you have over 120 health, Arboris gets +4 attack and +4 health.', 'arboris1', '', 5, 5, '', 'Uterra', 'Legendary', '', 1, '32', NULL, NULL, NULL, NULL),
(298, 'Arboris, Grove Dragon', 299, 297, 2, 'Creature', 1, 'Dragon', 'While you have over 120 health, Arboris gets +8 attack and +8 health.', 'arboris2', '', 9, 9, '', 'Uterra', 'Legendary', '', 1, '33', NULL, NULL, NULL, NULL),
(299, 'Arboris, Grove Dragon', 299, 298, 3, 'Creature', 1, 'Dragon', 'While you have over 120 health, Arboris gets +100 attack and +100 health.', 'Arboris3', '', 20, 20, '', 'Uterra', 'Legendary', '', 1, '34', NULL, NULL, NULL, NULL),
(300, 'Lightbringer Cleric', 301, 0, 1, 'Creature', 1, 'Tuskin', 'At the start of your turn, you gain 1 to 4 health.', 'SN007b-1', '', 5, 5, '', 'Uterra', 'Rare', '', 1, NULL, '259', NULL, NULL, NULL),
(301, 'Lightbringer Cleric', 302, 300, 2, 'Creature', 1, 'Tuskin', 'At the start of your turn, you gain 3 to 8 health.', 'SN007b-2', '', 10, 10, '', 'Uterra', 'Rare', '', 1, NULL, '260', NULL, NULL, NULL),
(302, 'Lightbringer Cleric', 302, 301, 3, 'Creature', 1, 'Tuskin', 'At the start of your turn, you gain 7 to 13 health.', 'SN007b-3', '', 15, 15, '', 'Uterra', 'Rare', '', 1, NULL, '261', NULL, NULL, NULL),
(303, 'Cadaverous Thicket', 304, 0, 1, 'Creature', 1, 'Plant', 'When <this> deals battle damage to a creature, give that creature Poison 1.', 'DM388-1 Color', '', 1, 7, '', 'Uterra', 'Rare', '', 1, NULL, '165', NULL, NULL, NULL),
(304, 'Cadaverous Thicket', 305, 303, 2, 'Creature', 1, 'Plant', 'When <this> deals battle damage to a creature, give that creature Poison 3.', 'DM388-2 Color', '', 3, 12, '', 'Uterra', 'Rare', '', 1, NULL, '166', NULL, NULL, NULL),
(305, 'Cadaverous Thicket', 305, 304, 3, 'Creature', 1, 'Plant', 'When <this> deals battle damage to a creature, give that creature Poison 5.', 'DM388-3 Color', '', 5, 22, '', 'Uterra', 'Rare', '', 1, NULL, '167', NULL, NULL, NULL),
(306, 'Oxidon Spitter', 307, 0, 1, 'Creature', 1, 'Dinosaur', 'Forge: Negate Armor from an enemy creature.', 'sap_of_power_1', '', 7, 3, '', 'Uterra', 'Rare', '', 1, NULL, '235', NULL, NULL, NULL),
(307, 'Oxidon Spitter', 308, 306, 2, 'Creature', 1, 'Dinosaur', 'Forge: Negate Armor from an enemy creature.', 'sap_of_power_2', '', 9, 5, '', 'Uterra', 'Rare', '', 1, NULL, '235', NULL, NULL, NULL),
(308, 'Oxidon Spitter', 308, 307, 3, 'Creature', 1, 'Dinosaur', 'Forge: Negate Armor from each enemy creature.', 'sap_of_power_3', '', 14, 10, '', 'Uterra', 'Rare', '', 1, NULL, '235', NULL, NULL, NULL),
(309, 'Wildwood Sower', 310, 0, 1, 'Creature', 1, 'Human', 'When you play a spell, you may put a 1/1 <card card_id=Seedling_Token>Seedling</card> into an available space.', 'SL007a-1', '', 3, 6, '', 'Uterra', 'Rare', '', 1, NULL, '278', NULL, NULL, NULL),
(310, 'Wildwood Sower', 311, 309, 2, 'Creature', 1, 'Human', 'When you play a spell, you may put a 3/3 <card card_id=Seedling_Token2>Sapling</card> into an available space.', 'SL007a-2', '', 6, 11, '', 'Uterra', 'Rare', '', 1, NULL, '279', NULL, NULL, NULL),
(311, 'Wildwood Sower', 311, 310, 3, 'Creature', 1, 'Human', 'When you play a spell, you may put a 5/5 <card card_id=Seedling_Token3>Treefolk</card> into an available space.', 'SL007a-3', '', 12, 18, '', 'Uterra', 'Rare', '', 1, NULL, '280', NULL, NULL, NULL),
(312, 'Gemhide Basher', 313, 0, 1, 'Creature', 1, 'Dinosaur', 'While <this> is opposed, it gets Aggressive.', 'BL052-1', '', 5, 3, '', 'Uterra', 'Rare', '', 1, '25', NULL, NULL, NULL, NULL),
(313, 'Gemhide Basher', 314, 312, 2, 'Creature', 1, 'Dinosaur', 'While <this> is opposed, it gets Aggressive.', 'BL052-2', '', 10, 7, '', 'Uterra', 'Rare', '', 1, '25', NULL, NULL, NULL, NULL),
(314, 'Gemhide Basher', 314, 313, 3, 'Creature', 1, 'Dinosaur', 'While <this> is opposed, it gets Aggressive.', 'BL052-3', '', 16, 10, '', 'Uterra', 'Rare', '', 1, '25', NULL, NULL, NULL, NULL),
(315, 'Sapling', 316, 0, 1, 'Creature', 1, 'Plant', '', 'sapling', '', 3, 3, '', 'Uterra', 'Token', '', 1, NULL, NULL, NULL, NULL, NULL),
(316, 'Sapling', 317, 315, 2, 'Creature', 1, 'Plant', '', 'sapling', '', 3, 3, '', 'Uterra', 'Token', '', 1, NULL, NULL, NULL, NULL, NULL),
(317, 'Sapling', 317, 316, 3, 'Creature', 1, 'Plant', '', 'sapling', '', 3, 3, '', 'Uterra', 'Token', '', 1, NULL, NULL, NULL, NULL, NULL),
(318, 'Seedling', 319, 0, 1, 'Creature', 1, 'Plant', '', 'seedling', '', 1, 1, '', 'Uterra', 'Token', '', 1, NULL, NULL, NULL, NULL, NULL),
(319, 'Sapling', 320, 318, 4, 'Creature', 1, 'Plant', '', 'sapling', '', 3, 3, '', 'Uterra', 'Token', '', 1, NULL, NULL, NULL, NULL, NULL),
(320, 'Treefolk', 321, 0, 1, 'Creature', 1, 'Plant', '', 'tree', '', 5, 5, '', 'Uterra', 'Token', '', 1, NULL, NULL, NULL, NULL, NULL),
(321, 'Treefolk', 322, 320, 2, 'Creature', 1, 'Plant', '', 'tree', '', 9, 9, '', 'Uterra', 'Token', '', 1, NULL, NULL, NULL, NULL, NULL),
(322, 'Treefolk', 322, 321, 3, 'Creature', 1, 'Plant', '', 'tree', '', 14, 14, '', 'Uterra', 'Token', '', 1, NULL, NULL, NULL, NULL, NULL),
(323, 'Treefolk', 324, 322, 4, 'Creature', 1, 'Plant', '', 'tree', '', 21, 21, '', 'Uterra', 'Token', '', 1, NULL, NULL, NULL, NULL, NULL),
(324, 'Uterra Packmaster', 325, 0, 1, 'Creature', 1, 'Human', 'Activate: Each other friendly Uterra Creature gets +1/+1', 'SN006b1', '', 6, 6, '', 'Uterra', 'Legendary', '', 1, NULL, NULL, '15', NULL, NULL),
(325, 'Uterra Packmaster', 326, 324, 2, 'Creature', 1, 'Human', 'Activate: Each other friendly Uterra Creature gets +2/+2', 'SN006b2', '', 9, 9, '', 'Uterra', 'Legendary', '', 1, NULL, NULL, '16', NULL, NULL),
(326, 'Uterra Packmaster', 326, 325, 3, 'Creature', 1, 'Human', 'Activate: Each other friendly Uterra Creature gets +4/+4', 'SN006b3', '', 14, 14, '', 'Uterra', 'Legendary', '', 1, NULL, NULL, '17', NULL, NULL),
(327, 'Shardplate Delver', 328, 0, 1, 'Creature', 1, 'Dinosaur', 'At the start of your turn, Shardplate Delver gets +2 attack and +2 health.', 'sn9021_1', '', 4, 4, '', 'Uterra', 'Rare', '', 1, NULL, '215', NULL, NULL, NULL),
(328, 'Shardplate Delver', 329, 327, 2, 'Creature', 1, 'Dinosaur', 'At the start of your turn, Shardplate Delver gets +4 attack and +4 health.', 'sn9021_2', '', 6, 6, '', 'Uterra', 'Rare', '', 1, NULL, '216', NULL, NULL, NULL),
(329, 'Shardplate Delver', 329, 328, 3, 'Creature', 1, 'Dinosaur', 'At the start of your turn, Shardplate Delver gets +6 attack and +6 health.', 'sn9021_3', '', 12, 12, '', 'Uterra', 'Rare', '', 1, NULL, '217', NULL, NULL, NULL),
(330, 'Hunting Pack', 331, 0, 1, 'Creature', 1, 'Wolf', 'When this enters play you have a 50% chance to spawn another', 'SN008b-1', '', 3, 2, '', 'Uterra', 'Common', '', 1, NULL, '149', NULL, NULL, NULL),
(331, 'Hunting Pack', 332, 330, 2, 'Creature', 1, 'Wolf', 'When this enters play you have a 50% chance to spawn another', 'SN008b-2', '', 6, 4, '', 'Uterra', 'Common', '', 1, NULL, '150', NULL, NULL, NULL),
(332, 'Hunting Pack', 332, 331, 3, 'Creature', 1, 'Wolf', 'When this enters play you have a 50% chance to spawn another', 'SN008b-3', '', 12, 8, '', 'Uterra', 'Common', '', 1, NULL, '151', NULL, NULL, NULL),
(333, 'Hunting Pack', 334, 332, 4, 'Creature', 1, 'Wolf', 'When Hunting Pack enters play, you have a 50% chance to put a copy of Hunting Pack into an available space.', 'SN008b-1', '', 3, 2, '', 'Uterra', 'Token', '', 1, NULL, NULL, NULL, NULL, NULL),
(334, 'Hunting Pack', 335, 333, 5, 'Creature', 1, 'Wolf', 'When Hunting Pack enters play, you have a 50% chance to put a copy of Hunting Pack into an available space.', 'SN008b-2', '', 6, 4, '', 'Uterra', 'Token', '', 1, NULL, NULL, NULL, NULL, NULL),
(335, 'Hunting Pack', 336, 334, 6, 'Creature', 1, 'Wolf', 'When Hunting Pack enters play, you have a 50% chance to put a copy of Hunting Pack into an available space.', 'SN008b-3', '', 12, 8, '', 'Uterra', 'Token', '', 1, NULL, NULL, NULL, NULL, NULL),
(336, 'Spring Dryad', 337, 0, 1, 'Creature', 1, 'Dryad', 'When a friendly creature enters play, Spring Dryad gets +1 attack and +1 health.', 'dm418-1', '', 4, 4, '', 'Uterra', 'Rare', '', 1, NULL, '198', NULL, NULL, NULL),
(337, 'Spring Dryad', 338, 336, 2, 'Creature', 1, 'Dryad', 'When a friendly creature enters play, Spring Dryad gets +2 attack and +2 health.', 'dm418-2', '', 6, 6, '', 'Uterra', 'Rare', '', 1, NULL, '199', NULL, NULL, NULL),
(338, 'Spring Dryad', 338, 337, 3, 'Creature', 1, 'Dryad', 'When a friendly creature enters play, Spring Dryad gets +3 attack and +3 health.', 'dm418-3', '', 9, 9, '', 'Uterra', 'Rare', '', 1, NULL, '200', NULL, NULL, NULL),
(339, 'Fangwood Ravager', 340, 0, 1, 'Creature', 1, 'Beast', '', 'sn9020_1', '', 5, 5, '', 'Uterra', 'Common', '', 1, NULL, NULL, NULL, NULL, NULL),
(340, 'Fangwood Ravager', 341, 339, 2, 'Creature', 1, 'Beast', '', 'sn9020_2', '', 9, 9, '', 'Uterra', 'Common', '', 1, NULL, NULL, NULL, NULL, NULL),
(341, 'Fangwood Ravager', 341, 340, 3, 'Creature', 1, 'Beast', '', 'sn9020_3', '', 17, 17, '', 'Uterra', 'Common', '', 1, NULL, NULL, NULL, NULL, NULL),
(342, 'Scourgeflame Sorcerer', 343, 0, 1, 'Creature', 1, 'Zombie', 'Activate, destroy another friendly creature: Destroy a level 2 or lower enemy creature.', 'sd013c-1', '', 3, 5, '', 'Nekrium', 'Legendary', '', 1, NULL, NULL, '42', NULL, NULL),
(343, 'Scourgeflame Sorcerer', 344, 342, 2, 'Creature', 1, 'Zombie', 'Activate, destroy another friendly creature: Destroy an enemy creature.', 'sd013c-2', '', 5, 9, '', 'Nekrium', 'Legendary', '', 1, NULL, NULL, '43', NULL, NULL),
(344, 'Scourgeflame Sorcerer', 344, 343, 3, 'Creature', 1, 'Zombie', 'Activate: Destroy an enemy creature.', 'sd013c-3', '', 8, 14, '', 'Nekrium', 'Legendary', '', 1, NULL, NULL, '44', NULL, NULL),
(345, 'Corpse Crawler', 346, 0, 1, 'Creature', 1, 'Abomination', 'Forge: Destroy a friendly Creature', 'sd9004-1', '', 8, 9, '', 'Nekrium', 'Common', '', 1, NULL, '120', NULL, NULL, NULL),
(346, 'Corpse Crawler', 347, 345, 2, 'Creature', 1, 'Abomination', 'Forge: Destroy a friendly Creature', 'sd9004-2', '', 12, 13, '', 'Nekrium', 'Common', '', 1, NULL, '120', NULL, NULL, NULL),
(347, 'Corpse Crawler', 347, 346, 3, 'Creature', 1, 'Abomination', 'Forge: Destroy a friendly Creature', 'sd9004-3', '', 20, 21, '', 'Nekrium', 'Common', '', 1, NULL, '120', NULL, NULL, NULL),
(348, 'Blight Walker', 349, 0, 1, 'Creature', 1, 'Zombie', 'When this deals damage to a level 1 creature destroy that creature', 'dd082-1', '', 1, 5, '', 'Nekrium', 'Rare', '', 1, NULL, '158', NULL, NULL, NULL),
(349, 'Blight Walker', 350, 348, 2, 'Creature', 1, 'Zombie', 'When this deals damage to a level 2 or lower creature destroy that creature', 'dd082-2', '', 3, 10, '', 'Nekrium', 'Rare', '', 1, NULL, '159', NULL, NULL, NULL),
(350, 'Blight Walker', 350, 349, 3, 'Creature', 1, 'Zombie', 'When this deals damage to a creature destroy that creature', 'dd082-3', '', 7, 17, '', 'Nekrium', 'Rare', '', 1, NULL, '160', NULL, NULL, NULL),
(351, 'Graveborn Glutton', 352, 0, 1, 'Creature', 1, 'Abomination', 'Vengeance: Deal 1-4 damage to the enemy player.', 'dd022-1', '', 6, 3, '', 'Nekrium', 'Common', '', 1, NULL, '253', NULL, NULL, NULL),
(352, 'Graveborn Glutton', 353, 351, 2, 'Creature', 1, 'Abomination', 'Vengeance: Deal 2-8 damage to the enemy player.', 'dd022-2', '', 11, 8, '', 'Nekrium', 'Common', '', 1, NULL, '254', NULL, NULL, NULL),
(353, 'Graveborn Glutton', 353, 352, 3, 'Creature', 1, 'Abomination', 'Vengeance: Deal 4-12 damage to the enemy player.', 'dd022-3', '', 17, 14, '', 'Nekrium', 'Common', '', 1, NULL, '255', NULL, NULL, NULL),
(354, 'Death Seeker', 355, 0, 1, 'Creature', 1, 'Human', 'Vengeance: Spawn a 5/5 Spirit in this lane', 'IHb', '', 1, 1, '', 'Nekrium', 'Common', '', 1, NULL, '124', NULL, NULL, NULL),
(355, 'Death Seeker', 356, 354, 2, 'Creature', 1, 'Human', 'Vengeance: Spawn a 10/10 Spirit in this lane', 'IHb', '', 1, 1, '', 'Nekrium', 'Common', '', 1, NULL, '125', NULL, NULL, NULL),
(356, 'Death Seeker', 356, 355, 3, 'Creature', 1, 'Human', 'Vengeance: Spawn a 15/15 Spirit in this lane', 'IHb', '', 1, 1, '', 'Nekrium', 'Common', '', 1, NULL, '126', NULL, NULL, NULL),
(357, 'Spirit', 358, 0, 1, 'Creature', 1, 'Spirit', '', 'IH_G_1', '', 5, 5, '', 'Nekrium', 'Token', '', 1, NULL, NULL, NULL, NULL, NULL),
(358, 'Spirit', 359, 357, 2, 'Creature', 1, 'Spirit', '', 'IH_G_2', '', 10, 10, '', 'Nekrium', 'Token', '', 1, NULL, NULL, NULL, NULL, NULL),
(359, 'Spirit', 359, 358, 3, 'Creature', 1, 'Spirit', '', 'IH_G_3', '', 15, 15, '', 'Nekrium', 'Token', '', 1, NULL, NULL, NULL, NULL, NULL),
(360, 'Xithian Hulk', 361, 0, 1, 'Creature', 1, 'Abomination', '', 'DD058-1', '', 4, 7, '', 'Nekrium', 'Common', '', 1, NULL, NULL, NULL, NULL, NULL),
(361, 'Xithian Hulk', 362, 360, 2, 'Creature', 1, 'Abomination', '', 'DD058-2', '', 8, 11, '', 'Nekrium', 'Common', '', 1, NULL, NULL, NULL, NULL, NULL),
(362, 'Xithian Hulk', 362, 361, 3, 'Creature', 1, 'Abomination', '', 'DD058-3', '', 14, 17, '', 'Nekrium', 'Common', '', 1, NULL, NULL, NULL, NULL, NULL),
(363, 'Synapsis Oracle', 364, 0, 1, 'Creature', 1, 'Human', '', 'sm013e-1', '', 3, 9, '', 'Alloyin', 'Legendary', '', 1, NULL, NULL, '27', NULL, NULL),
(364, 'Synapsis Oracle', 365, 363, 2, 'Creature', 1, 'Human', '', 'sm013e-2', '', 5, 15, '', 'Alloyin', 'Legendary', '', 1, NULL, NULL, '27', NULL, NULL),
(365, 'Synapsis Oracle', 365, 364, 3, 'Creature', 1, 'Human', '', 'sm013e-3', '', 8, 24, '', 'Alloyin', 'Legendary', '', 1, NULL, NULL, '28', NULL, NULL),
(366, 'Brightsteel Sentinel', 367, 0, 1, 'Creature', 1, 'Robot', 'Forge: Each friendly Robot you control gets Armor 5 this turn.', 'Robot_1', '', 4, 5, '', 'Alloyin', 'Legendary', '', 1, NULL, '232', NULL, NULL, NULL),
(367, 'Brightsteel Sentinel', 368, 366, 2, 'Creature', 1, 'Robot', 'Forge: Each friendly Robot you control gets Armor 10 this turn.', 'Robot2', '', 9, 10, '', 'Alloyin', 'Legendary', '', 1, NULL, '233', NULL, NULL, NULL),
(368, 'Brightsteel Sentinel', 368, 367, 3, 'Creature', 1, 'Robot', 'Forge: Each friendly Robot you control gets Armor 15 this turn.', 'Robo3', '', 14, 15, '', 'Alloyin', 'Legendary', '', 1, NULL, '234', NULL, NULL, NULL),
(369, 'Scrapforge Titan', 370, 0, 1, 'Creature', 1, 'Robot', '', 'DM331-1', '', 1, 1, '', 'Alloyin', 'Heroic', 'Armor 1', 1, NULL, NULL, NULL, NULL, NULL),
(370, 'Scrapforge Titan', 371, 369, 2, 'Creature', 1, 'Robot', '', 'DM331-2', '', 5, 5, '', 'Alloyin', 'Heroic', 'Armor 5', 1, NULL, NULL, NULL, NULL, NULL),
(371, 'Scrapforge Titan', 371, 370, 3, 'Creature', 1, 'Robot', '', 'DM331-3', '', 20, 20, '', 'Alloyin', 'Heroic', 'Armor 10', 1, NULL, NULL, NULL, NULL, NULL),
(372, 'Steelshaper Savant', 373, 0, 1, 'Creature', 1, 'Human', '', 'shaper', '', 4, 6, '', 'Alloyin', 'Rare', '', 1, NULL, NULL, NULL, NULL, NULL),
(373, 'Steelshaper Savant', 374, 372, 2, 'Creature', 1, 'Human', 'When you play a level 1 Alloyin card, you may give a friendly creature Armor 2.', 'shaper2', '', 6, 10, '', 'Alloyin', 'Rare', '', 1, NULL, '245,247', NULL, NULL, NULL),
(374, 'Steelshaper Savant', 374, 373, 3, 'Creature', 1, 'Human', ' When you play a level 2 or lower Alloyin card, you may give a friendly creature Armor 4.', 'shaper3', '', 12, 16, '', 'Alloyin', 'Rare', '', 1, NULL, '246,248', NULL, NULL, NULL),
(375, 'Matrix Warden', 376, 0, 1, 'Creature', 1, 'Robot', 'Forge: Give a friendly creature +3 attack.', 'DM250_1', '', 3, 3, '', 'Alloyin', 'Common', '', 1, NULL, '134', NULL, NULL, NULL),
(376, 'Matrix Warden', 377, 375, 2, 'Creature', 1, 'Robot', 'Forge: Give a friendly creature +5 attack.', 'DM250_2', '', 8, 8, '', 'Alloyin', 'Common', '', 1, NULL, '135', NULL, NULL, NULL),
(377, 'Matrix Warden', 377, 376, 3, 'Creature', 1, 'Robot', 'Forge: Give a friendly creature +10 attack.', 'DM250_3', '', 12, 12, '', 'Alloyin', 'Common', '', 1, NULL, '136', NULL, NULL, NULL),
(378, 'Munitions Drone', 379, 0, 1, 'Creature', 1, 'Robot', ' Activate: Give another creature +3 attack.', 'Power_bot_1', '', 1, 6, '', 'Alloyin', 'Rare', '', 1, NULL, NULL, '24', NULL, NULL),
(379, 'Munitions Drone', 380, 378, 2, 'Creature', 1, 'Robot', 'Activate: Give another creature +5 attack.', 'Power_bot_2', '', 3, 8, '', 'Alloyin', 'Rare', '', 1, NULL, NULL, '25', NULL, NULL),
(380, 'Munitions Drone', 380, 379, 3, 'Creature', 1, 'Robot', 'Activate: Give another creature +10 attack.', 'Power_bot_3', '', 7, 14, '', 'Alloyin', 'Rare', '', 1, NULL, NULL, '26', NULL, NULL),
(381, 'Ionic Warcharger', 382, 0, 1, 'Creature', 1, 'Robot', '', 'Ionic-Warcharger-1', '', 4, 7, '', 'Alloyin', 'Common', 'Move 1', 1, NULL, NULL, NULL, NULL, NULL),
(382, 'Ionic Warcharger', 383, 381, 2, 'Creature', 1, 'Robot', '', 'Ionic-Warcharger-2', '', 9, 12, '', 'Alloyin', 'Common', 'Move 1', 1, NULL, NULL, NULL, NULL, NULL),
(383, 'Ionic Warcharger', 383, 382, 3, 'Creature', 1, 'Robot', '', 'Ionic-Warcharger-3', '', 15, 18, '', 'Alloyin', 'Common', 'Move 1', 1, NULL, NULL, NULL, NULL, NULL),
(384, 'Flameblade Champion', 385, 0, 1, 'Creature', 1, 'Fire Elemental', 'When this deals battle damage to a player, deal that much damage to each creature that player controls.', 'sm012a-1', '', 4, 5, '', 'Tempys', 'Legendary', '', 1, NULL, '170', NULL, NULL, NULL),
(385, 'Flameblade Champion', 386, 384, 2, 'Creature', 1, 'Fire Elemental', 'When this deals battle damage to a player, deal that much damage to each creature that player controls.', 'sm012a-2', '', 7, 9, '', 'Tempys', 'Legendary', '', 1, NULL, '170', NULL, NULL, NULL),
(386, 'Flameblade Champion', 386, 385, 3, 'Creature', 1, 'Fire Elemental', 'When this deals battle damage to a player, deal that much damage to each creature that player controls.', 'sm012a-3', '', 12, 16, '', 'Tempys', 'Legendary', '', 1, NULL, '170', NULL, NULL, NULL),
(387, 'Rageborn Hellion', 388, 0, 1, 'Creature', 1, 'Fire Elemental', 'Whenever battle damage is dealt to the opponent this gets +1/+1', 'se014b-1e', '', 4, 8, '', 'Tempys', 'Legendary', '', 1, NULL, '179', NULL, NULL, NULL),
(388, 'Rageborn Hellion', 389, 387, 2, 'Creature', 1, 'Fire Elemental', 'Whenever battle damage is dealt to the opponent this gets +2/+2', 'se014b-2e', '', 6, 12, '', 'Tempys', 'Legendary', '', 1, NULL, '180', NULL, NULL, NULL),
(389, 'Rageborn Hellion', 389, 388, 3, 'Creature', 1, 'Fire Elemental', 'Whenever battle damage is dealt to the opponent this gets +3/+3', 'se014b-3e', '', 9, 18, '', 'Tempys', 'Legendary', '', 1, NULL, '181', NULL, NULL, NULL),
(390, 'Flamestoke Shaman', 391, 0, 1, 'Creature', 1, 'Human', 'Activate: Give an adjacent level 1 creature Aggressive.', 'se026-1b', '', 6, 3, '', 'Tempys', 'Rare', '', 1, NULL, NULL, '39', NULL, NULL),
(391, 'Flamestoke Shaman', 392, 390, 2, 'Creature', 1, 'Human', ' Activate: Give an adjacent level 2 or lower creature Aggressive.', 'se026-2b', '', 12, 7, '', 'Tempys', 'Rare', '', 1, NULL, NULL, '40', NULL, NULL),
(392, 'Flamestoke Shaman', 392, 391, 3, 'Creature', 1, 'Human', 'Activate: Give an adjacent creature Aggressive.', 'se026-3b', '', 18, 12, '', 'Tempys', 'Rare', '', 1, NULL, NULL, '41', NULL, NULL),
(393, 'Riftlasher', 394, 0, 1, 'Creature', 1, 'Fire Elemental', 'When Riftlasher deals battle damage to a player on your turn, you deal that much damage to an enemy creature.', 'se024c-1', '', 3, 6, '', 'Tempys', 'Rare', '', 1, NULL, '375', NULL, NULL, NULL),
(394, 'Riftlasher', 395, 393, 2, 'Creature', 1, 'Fire Elemental', 'When Riftlasher deals battle damage to a player on your turn, you deal that much damage to an enemy creature.', 'se024c-2', '', 5, 10, '', 'Tempys', 'Rare', '', 1, NULL, '375', NULL, NULL, NULL),
(395, 'Riftlasher', 395, 394, 3, 'Creature', 1, 'Fire Elemental', 'When Riftlasher deals battle damage to a player on your turn, you deal that much damage to an enemy creature.', 'se024c-3', '', 9, 16, '', 'Tempys', 'Rare', '', 1, NULL, '375', NULL, NULL, NULL),
(396, 'Cinderfist Brawler', 397, 0, 1, 'Creature', 1, 'Fire Asir', 'When this deals battle damage to a player, deal that much damage to that player again.', 'sd9006-1', '', 7, 3, '', 'Tempys', 'Heroic', '', 1, NULL, '171', NULL, NULL, NULL),
(397, 'Cinderfist Brawler', 398, 396, 2, 'Creature', 1, 'Fire Asir', 'When this deals battle damage to a player, deal that much damage to that player again.', 'sd9006-2', '', 10, 5, '', 'Tempys', 'Heroic', '', 1, NULL, '171', NULL, NULL, NULL),
(398, 'Cinderfist Brawler', 398, 397, 3, 'Creature', 1, 'Fire Asir', 'When this deals battle damage to a player, deal that much damage to that player again.', 'sd9006-3', '', 14, 7, '', 'Tempys', 'Heroic', '', 1, NULL, '171', NULL, NULL, NULL),
(399, 'Stonefist Giant', 400, 0, 1, 'Creature', 1, 'Earth Elemental', '', 'se012b-1e', '', 3, 6, '', 'Tempys', 'Common', '', 1, NULL, NULL, NULL, NULL, NULL),
(400, 'Stonefist Giant', 401, 399, 2, 'Creature', 1, 'Earth Elemental', '', 'se012b-2e', '', 7, 10, '', 'Tempys', 'Common', '', 1, NULL, NULL, NULL, NULL, NULL),
(401, 'Stonefist Giant', 401, 400, 3, 'Creature', 1, 'Earth Elemental', '', 'se012b-3e', '', 16, 24, '', 'Tempys', 'Common', '', 1, NULL, NULL, NULL, NULL, NULL),
(402, 'Ashurian Mystic', 403, 0, 1, 'Creature', 1, 'Fire Asir', 'When this deals damage to a player it gets +1/+1', 'se016b-1', '', 3, 5, '', 'Tempys', 'Common', 'Aggressive', 1, NULL, '174', NULL, NULL, ''),
(403, 'Ashurian Mystic', 404, 402, 2, 'Creature', 1, 'Fire Asir', 'When this deals damage to a player it gets +2/+2', 'se016b-2', '', 6, 8, '', 'Tempys', 'Common', 'Aggressive', 1, NULL, '175', NULL, NULL, NULL),
(404, 'Ashurian Mystic', 404, 403, 3, 'Creature', 1, 'Fire Asir', 'When this deals damage to a player it gets +4/+4', 'se016b-3', '', 10, 12, '', 'Tempys', 'Common', 'Aggressive', 1, NULL, '176', NULL, NULL, NULL),
(405, 'Windcaller Shaman', 406, 0, 1, 'Creature', 1, 'Wind Asir', 'Forge: Move another level 1 creature to a space adjacent to this.', 'se007a-1', '', 3, 7, '', 'Tempys', 'Common', '', 1, NULL, '300', NULL, NULL, NULL),
(406, 'Windcaller Shaman', 407, 405, 2, 'Creature', 1, 'Wind Asir', 'Forge: Move another level 2 creature to a space adjacent to this.', 'se007a-2', '', 7, 11, '', 'Tempys', 'Common', '', 1, NULL, '301', NULL, NULL, NULL),
(407, 'Windcaller Shaman', 407, 406, 3, 'Creature', 1, 'Wind Asir', 'Forge: Move another creature to a space adjacent to this.', 'se007a-3', '', 13, 17, '', 'Tempys', 'Common', '', 1, NULL, '302', NULL, NULL, NULL),
(408, 'Darkshaper Savant', 409, 0, 1, 'Creature', 1, 'Zombie', '', 'sd023e-1', '', 4, 6, '', 'Nekrium', 'Rare', '', 1, NULL, NULL, NULL, NULL, NULL),
(409, 'Darkshaper Savant', 410, 408, 2, 'Creature', 1, 'Zombie', 'When you play a level 1 Nekrium card, you may give an enemy creature -3 attack and -3 health.', 'sd023e-2', '', 6, 10, '', 'Nekrium', 'Rare', '', 1, NULL, '218,239', NULL, NULL, NULL),
(410, 'Darkshaper Savant', 410, 409, 3, 'Creature', 1, 'Zombie', 'When you play a level 2 or lower Nekrium card, you may give an enemy creature -5 attack and -5 health.', 'sd023e-3', '', 12, 16, '', 'Nekrium', 'Rare', '', 1, NULL, '219,240', NULL, NULL, NULL),
(411, 'Zombie Infantry', 412, 0, 1, 'Creature', 1, 'Zombie', '', 'sd010c-1', '', 6, 5, '', 'Nekrium', 'Common', '', 1, NULL, NULL, NULL, NULL, NULL),
(412, 'Zombie Infantry', 413, 411, 2, 'Creature', 1, 'Zombie', '', 'sd010c-2', '', 10, 9, '', 'Nekrium', 'Common', '', 1, NULL, NULL, NULL, NULL, NULL),
(413, 'Zombie Infantry', 413, 412, 3, 'Creature', 1, 'Zombie', '', 'sd010c-3', '', 15, 14, '', 'Nekrium', 'Common', '', 1, NULL, NULL, NULL, NULL, NULL),
(414, 'Deepbranch Prowler', 415, 0, 1, 'Creature', 1, 'Cat', '', 'sl006-1e', '', 8, 8, '', 'Uterra', 'Common', 'Breakthrough', 1, NULL, NULL, NULL, NULL, NULL),
(415, 'Deepbranch Prowler', 416, 414, 2, 'Creature', 1, 'Cat', '', 'beast1', '', 9, 9, '', 'Uterra', 'Common', 'Breakthrough', 1, NULL, NULL, NULL, NULL, NULL),
(416, 'Deepbranch Prowler', 416, 415, 3, 'Creature', 1, 'Cat', '', 'beast2', '', 10, 10, '', 'Uterra', 'Common', 'Breakthrough', 1, NULL, NULL, NULL, NULL, NULL),
(417, 'Fleshfiend', 418, 0, 1, 'Creature', 1, 'Abomination', '', 'sd027e-1', '', 6, 6, '', 'Nekrium', 'Heroic', '', 1, NULL, NULL, NULL, NULL, NULL),
(418, 'Fleshfiend', 419, 417, 2, 'Creature', 1, 'Abomination', 'When <this> is destroyed, put a level 1 <this> into this lane.', 'sd027e-2', '', 8, 8, '', 'Nekrium', 'Heroic', '', 1, NULL, '188', NULL, NULL, NULL),
(419, 'Fleshfiend', 419, 418, 3, 'Creature', 1, 'Abomination', 'When <this> is destroyed, put a level 2 <this> into this lane.', 'sd027e-3', '', 12, 12, '', 'Nekrium', 'Heroic', '', 1, NULL, '189', NULL, NULL, NULL),
(420, 'Cavern Hydra', 421, 0, 1, 'Creature', 1, 'Hydra', '', 'sn004b-1', '', 4, 7, '', 'Uterra', 'Common', 'Regenerate 1', 1, NULL, NULL, NULL, NULL, NULL),
(421, 'Cavern Hydra', 422, 420, 2, 'Creature', 1, 'Hydra', '', 'sn004b-2', '', 7, 10, '', 'Uterra', 'Common', 'Regenerate 3', 1, NULL, NULL, NULL, NULL, NULL),
(422, 'Cavern Hydra', 422, 421, 3, 'Creature', 1, 'Hydra', '', 'sn004b-3', '', 11, 15, '', 'Uterra', 'Common', 'Regenerate 5', 1, NULL, NULL, NULL, NULL, NULL),
(423, 'Echowisp', 424, 0, 1, 'Creature', 1, 'Spirit', 'When <this> enters the field from your hand, you may put a copy of it into an adjacent space.', 'SLN2a002-1', '', 7, 1, '', 'Uterra', 'Legendary', '', 1, NULL, '236', NULL, NULL, NULL),
(424, 'Echowisp', 425, 423, 2, 'Creature', 1, 'Spirit', 'When <this> enters the field from your hand, you may put a copy of it into an adjacent space.', 'SLN2a002-2', '', 8, 3, '', 'Uterra', 'Legendary', '', 1, NULL, '237', NULL, NULL, NULL),
(425, 'Echowisp', 425, 424, 3, 'Creature', 1, 'Spirit', 'When <this> enters the field from your hand, put a copy of it into each of your available spaces.', 'SLN2a002-3', '', 10, 5, '', 'Uterra', 'Legendary', '', 1, NULL, '238', NULL, NULL, NULL),
(426, 'Glowstride Stag', 427, 0, 1, 'Creature', 1, 'Spirit', 'When <this> enters the field, you get +5 health.', 'sl001a-1', '', 5, 6, '', 'Uterra', 'Common', '', 1, NULL, '195', NULL, NULL, NULL),
(427, 'Glowstride Stag', 428, 426, 2, 'Creature', 1, 'Spirit', 'When <this> enters the field, you get +10 health.', 'sl001a-2', '', 8, 10, '', 'Uterra', 'Common', '', 1, NULL, '196', NULL, NULL, NULL),
(428, 'Glowstride Stag', 428, 427, 3, 'Creature', 1, 'Spirit', 'When <this> enters the field, you get +15 health.', 'sl001a-3', '', 12, 15, '', 'Uterra', 'Common', '', 1, NULL, '197', NULL, NULL, NULL),
(429, 'Bonescythe Reaver', 430, 0, 1, 'Creature', 1, 'Abomination', '', 'sd019e-1', '', 5, 3, '', 'Nekrium', 'Rare', '', 1, NULL, NULL, NULL, NULL, NULL),
(430, 'Bonescythe Reaver', 431, 429, 2, 'Creature', 1, 'Abomination', 'When this enters the field, you may destroy target level 1 creature an opponent controls.', 'sd019e-2', '', 8, 7, '', 'Nekrium', 'Rare', '', 1, NULL, '118', NULL, NULL, NULL),
(431, 'Bonescythe Reaver', 431, 430, 3, 'Creature', 1, 'Abomination', 'When this enters the field, you may destroy target level 2 or lower creature an opponent controls.', 'sd019e-3', '', 13, 12, '', 'Nekrium', 'Rare', '', 1, NULL, '119', NULL, NULL, NULL),
(432, 'Lifeshaper Savant', 433, 0, 1, 'Creature', 1, 'Seraph', '', 'sn9016-2', '', 4, 6, '', 'Uterra', 'Rare', '', 1, NULL, NULL, NULL, NULL, NULL),
(433, 'Lifeshaper Savant', 434, 432, 2, 'Creature', 1, 'Seraph', 'When you play a level 1 Uterra card, you may have another target creature you control get +3 attack and +3 health.', 'sn9016-1', '', 6, 10, '', 'Uterra', 'Rare', '', 1, NULL, '241,243', NULL, NULL, NULL),
(434, 'Lifeshaper Savant', 434, 433, 3, 'Creature', 1, 'Seraph', 'When you play a level 2 or lower Uterra card, you may have another target creature you control get +5 attack and +5 health.', 'sn9016-3', '', 12, 16, '', 'Uterra', 'Rare', '', 1, NULL, '242,244', NULL, NULL, NULL),
(435, 'Grimgaunt Devourer', 436, 0, 1, 'Creature', 1, 'Grimgaunt', 'When a creature is destroyed, <this> gets +1 attack and +1 health.', 'sd007a-1', '', 5, 3, '', 'Nekrium', 'Legendary', '', 1, NULL, '190', NULL, NULL, NULL),
(436, 'Grimgaunt Devourer', 437, 435, 2, 'Creature', 1, 'Grimgaunt', 'When a creature is destroyed, <this> gets +2 attack and +2 health.', 'sd007a-2', '', 7, 5, '', 'Nekrium', 'Legendary', '', 1, NULL, '191', NULL, NULL, NULL),
(437, 'Grimgaunt Devourer', 437, 436, 3, 'Creature', 1, 'Grimgaunt', 'When a creature is destroyed, <this> gets +3 attack and +3 health.', 'sd007a-3', '', 9, 7, '', 'Nekrium', 'Legendary', '', 1, NULL, '192', NULL, NULL, NULL),
(438, 'Grove Huntress', 439, 0, 1, 'Creature', 1, 'Human', 'Forge: give a creature you control get +1 attack and +1 health.', 'sl008a-1', '', 4, 3, '', 'Uterra', 'Common', '', 1, NULL, '129', NULL, NULL, NULL),
(439, 'Grove Huntress', 440, 438, 2, 'Creature', 1, 'Human', 'Forge: give a creature you control get +3 attack and +3 health.', 'sl008a-2', '', 7, 6, '', 'Uterra', 'Common', '', 1, NULL, '130', NULL, NULL, NULL),
(440, 'Grove Huntress', 440, 439, 3, 'Creature', 1, 'Human', 'Forge: give a creature you control get +5 attack and +5 health.', 'sl008a-3', '', 11, 10, '', 'Uterra', 'Common', '', 1, NULL, '133', NULL, NULL, NULL),
(441, 'Vengeful Spirit', 442, 0, 1, 'Creature', 1, 'Spirit', 'When <this> is destroyed, another creature in this lane gets -4 attack and -4 health.', 'sd008a-1e', '', 3, 1, '', 'Nekrium', 'Common', '', 1, NULL, '303', NULL, NULL, NULL),
(442, 'Vengeful Spirit', 443, 441, 2, 'Creature', 1, 'Spirit', 'When <this> is destroyed, another creature in this lane gets -8 attack and -8 health.', 'sd008a-2e', '', 5, 3, '', 'Nekrium', 'Common', '', 1, NULL, '304', NULL, NULL, NULL),
(443, 'Vengeful Spirit', 443, 442, 3, 'Creature', 1, 'Spirit', 'When <this> is destroyed, another creature in this lane gets -12 attack and -12 health.', 'sd008a-3e', '', 7, 5, '', 'Nekrium', 'Common', '', 1, NULL, '305', NULL, NULL, NULL),
(444, 'Chrogias', 445, 0, 1, 'Creature', 1, 'Plant', '', 'SLN2a003-1', '', 1, 1, '', 'Uterra', 'Legendary', '', 1, NULL, NULL, NULL, NULL, NULL),
(445, 'Chrogias', 446, 444, 2, 'Creature', 1, 'Plant', 'When this takes damage, gain that much health.', 'SLN2a003-2', '', 0, 9, '', 'Uterra', 'Legendary', 'Defender,Regenerate 2', 1, NULL, '178', NULL, NULL, NULL),
(446, 'Chrogias', 446, 445, 3, 'Creature', 1, 'Plant', 'When this takes damage, gain that much health.', 'SLN2a003-3', '', 30, 30, '', 'Uterra', 'Legendary', 'Regenerate 5,Breakthrough', 1, NULL, '178', NULL, NULL, NULL),
(447, 'Wind Primordial', 448, 0, 1, 'Creature', 1, 'Wind Elemental', '', 'se010a-1', '', 6, 4, '', 'Tempys', 'Common', 'Move 1', 1, NULL, NULL, NULL, NULL, NULL),
(448, 'Wind Primordial', 449, 447, 2, 'Creature', 1, 'Wind Elemental', '', 'se010a-2', '', 10, 8, '', 'Tempys', 'Common', 'Move 2', 1, NULL, NULL, NULL, NULL, NULL),
(449, 'Wind Primordial', 449, 448, 3, 'Creature', 1, 'Wind Elemental', '', 'se010a-3', '', 16, 14, '', 'Tempys', 'Common', 'Move 3', 1, NULL, NULL, NULL, NULL, NULL),
(450, 'Flameshaper Savant', 451, 0, 1, 'Creature', 1, 'Human', '', 'se020c-1', '', 4, 6, '', 'Tempys', 'Rare', '', 1, NULL, NULL, NULL, NULL, NULL),
(451, 'Flameshaper Savant', 452, 450, 2, 'Creature', 1, 'Human', 'When you play a level 1 card, you may have <this> deal 3 damage to target creature or player.', 'se020c-2', '', 6, 10, '', 'Tempys', 'Rare', '', 1, NULL, '249,251', NULL, NULL, NULL),
(452, 'Flameshaper Savant', 452, 451, 3, 'Creature', 1, 'Human', 'When you play a level 1 card, you may have <this> deal 7 damage to target creature or player.', 'se020c-3', '', 12, 16, '', 'Tempys', 'Rare', '', 1, NULL, '250,252', NULL, NULL, NULL),
(453, 'Lightning Wyrm', 454, 0, 1, 'Creature', 1, 'Lightning Elemental', '', 'se013b-1', '', 4, 2, '', 'Tempys', 'Common', 'Aggressive', 1, NULL, NULL, NULL, NULL, NULL),
(454, 'Lightning Wyrm', 455, 453, 2, 'Creature', 1, 'Lightning Elemental', '', 'se013b-2', '', 7, 5, '', 'Tempys', 'Common', 'Aggressive', 1, NULL, NULL, NULL, NULL, NULL),
(455, 'Lightning Wyrm', 455, 454, 3, 'Creature', 1, 'Lightning Elemental', '', 'se013b-3', '', 11, 8, '', 'Tempys', 'Common', 'Aggressive', 1, NULL, NULL, NULL, NULL, NULL),
(456, 'Scorchmane Dragon', 457, 0, 1, 'Creature', 1, 'Dragon', '', 'se033d-1', '', 0, 6, '', 'Tempys', 'Legendary', 'Defender', 1, NULL, NULL, NULL, NULL, NULL),
(457, 'Scorchmane Dragon', 458, 456, 2, 'Creature', 1, 'Dragon', 'When <this> enters the field, it deals 5 damage to another creature in this lane.', 'se033d-2', '', 12, 12, '', 'Tempys', 'Legendary', 'Move 1', 1, NULL, '293', NULL, NULL, NULL),
(458, 'Scorchmane Dragon', 458, 457, 3, 'Creature', 1, 'Dragon', 'When <this> enters the field, it deals 5 damage to your opponent and each creature he or she controls.', 'se033d-3', '', 24, 24, '', 'Tempys', 'Legendary', 'Move 2', 1, NULL, '294,374', NULL, NULL, NULL),
(459, 'Forgeplate Sentry', 460, 0, 1, 'Creature', 1, 'Robot', '', 'sm001a-1', '', 4, 4, '', 'Alloyin', 'Common', 'Armor 1', 1, NULL, NULL, NULL, NULL, NULL),
(460, 'Forgeplate Sentry', 461, 459, 2, 'Creature', 1, 'Robot', '', 'sm001a-2', '', 9, 9, '', 'Alloyin', 'Common', 'Armor 3', 1, NULL, NULL, NULL, NULL, NULL),
(461, 'Forgeplate Sentry', 461, 460, 3, 'Creature', 1, 'Robot', '', 'sm001a-3', '', 15, 15, '', 'Alloyin', 'Common', 'Armor 5', 1, NULL, NULL, NULL, NULL, NULL),
(462, 'Technosmith', 463, 0, 1, 'Creature', 1, 'Human', 'When <this> enters the field, you may discard a card and level it.', 'sm009a-1', '', 5, 4, '', 'Alloyin', 'Common', '', 1, NULL, '208', NULL, NULL, NULL),
(463, 'Technosmith', 464, 462, 2, 'Creature', 1, 'Human', 'When <this> enters the field, you may discard a card and level it.', 'sm009a-2', '', 9, 8, '', 'Alloyin', 'Common', '', 1, NULL, '208', NULL, NULL, NULL),
(464, 'Technosmith', 464, 463, 3, 'Creature', 1, 'Human', 'When <this> enters the field, you may discard a card and level it.', 'sm009a-3', '', 15, 14, '', 'Alloyin', 'Common', '', 1, NULL, '208', NULL, NULL, NULL),
(465, 'Alloyin General', 466, 0, 1, 'Creature', 1, 'Human', 'Adjacent creatures get +2 attack.', 'sm020e-1', '', 2, 8, '', 'Alloyin', 'Rare', '', 1, '4', NULL, NULL, NULL, NULL),
(466, 'Alloyin General', 467, 465, 2, 'Creature', 1, 'Human', 'Adjacent creatures get +4 attack.', 'sm020e-2', '', 4, 13, '', 'Alloyin', 'Rare', '', 1, '5', NULL, NULL, NULL, NULL),
(467, 'Alloyin General', 467, 466, 3, 'Creature', 1, 'Human', 'Adjacent creatures get +6 attack.', 'sm020e-3', '', 6, 18, '', 'Alloyin', 'Rare', '', 1, '6', NULL, NULL, NULL, NULL),
(468, 'Volcanic Giant', 469, 0, 1, 'Creature', 1, 'Earth Giant', 'At the start of your turn, <this> deals 1 to 4 damage to your opponent.', 'se036d-1', '', 5, 5, '', 'Tempys', 'Common', '', 1, NULL, '256', NULL, NULL, NULL),
(469, 'Volcanic Giant', 470, 468, 2, 'Creature', 1, 'Earth Giant', 'At the start of your turn, <this> deals 3 to 8 damage to your opponent.', 'se036d-2', '', 10, 10, '', 'Tempys', 'Common', '', 1, NULL, '257', NULL, NULL, NULL),
(470, 'Volcanic Giant', 470, 469, 3, 'Creature', 1, 'Earth Giant', 'At the start of your turn, <this> deals 7 to 13 damage to your opponent.', 'se036d-3', '', 15, 15, '', 'Tempys', 'Common', '', 1, NULL, '258', NULL, NULL, NULL),
(471, 'Magma Hound', 472, 0, 1, 'Creature', 1, 'Earth Elemental', 'When <this> enters the field, you may have it deal 2 damage to target creature an opponent controls.', 'se025c-1', '', 4, 3, '', 'Tempys', 'Common', '', 1, NULL, '140', NULL, NULL, NULL),
(472, 'Magma Hound', 473, 471, 2, 'Creature', 1, 'Earth Elemental', 'When <this> enters the field, you may have it deal 4 damage to target creature an opponent controls.', 'se025c-2', '', 8, 7, '', 'Tempys', 'Common', '', 1, NULL, '141', NULL, NULL, NULL),
(473, 'Magma Hound', 473, 472, 3, 'Creature', 1, 'Earth Elemental', 'When <this> enters the field, you may have it deal 6 damage to target creature an opponent controls.', 'se025c-3', '', 13, 12, '', 'Tempys', 'Common', '', 1, NULL, '142', NULL, NULL, NULL),
(474, 'Scout Drone', 475, 0, 1, 'Creature', 1, 'Robot', '', 'sm014e-1e', '', 2, 2, '', 'Alloyin', 'Heroic', '', 1, NULL, NULL, NULL, NULL, NULL),
(475, 'Scout Drone', 476, 474, 2, 'Creature', 1, 'Robot', '', 'sm014e-2e', '', 4, 4, '', 'Alloyin', 'Heroic', 'Free', 1, NULL, NULL, NULL, NULL, NULL),
(476, 'Scout Drone', 476, 475, 3, 'Creature', 1, 'Robot', '', 'sm014e-3e', '', 6, 6, '', 'Alloyin', 'Heroic', 'Free', 1, NULL, NULL, NULL, NULL, NULL),
(477, 'Spark Bot', 478, 0, 1, 'Creature', 1, 'Robot', '', 'sm015e-1', '', 5, 6, '', 'Alloyin', 'Common', '', 1, NULL, NULL, NULL, NULL, NULL),
(478, 'Spark Bot', 479, 477, 2, 'Creature', 1, 'Robot', '', 'sm015e-2', '', 9, 11, '', 'Alloyin', 'Common', '', 1, NULL, NULL, NULL, NULL, NULL),
(479, 'Spark Bot', 479, 478, 3, 'Creature', 1, 'Robot', '', 'sm015e-3', '', 14, 16, '', 'Alloyin', 'Common', '', 1, NULL, NULL, NULL, NULL, NULL),
(480, 'Pyre Song', 481, 0, 1, 'Spell', 1, '', 'Deal Damage to each enemy creature equal to the number of creatures you control', 'PyreSong', '', 0, 0, '', 'Tempys', 'Common', '', 1, NULL, NULL, NULL, '163', '436');
INSERT INTO `carddata` (`CardId`, `Name`, `levelsto`, `levels from`, `level`, `CardType`, `cost`, `subtype`, `Text`, `Cardart`, `Tooltips`, `Attack`, `Health`, `FlavorText`, `Faction`, `rarity`, `keywords`, `battlesperturn`, `basestatic`, `basetriggers`, `activated`, `targets`, `effects`) VALUES
(481, 'Pyre Song', 482, 480, 2, 'Spell', 1, '', 'Deal Damage to each enemy creature equal to double the number of creatures you control', 'PyreSong', '', 0, 0, '', 'Tempys', 'Common', '', 1, NULL, NULL, NULL, '163', '436,436'),
(482, 'Pyre Song', 482, 481, 3, 'Spell', 1, '', 'Deal Damage to each enemy creature equal to triple the number of creatures you control', 'PyreSong', '', 0, 0, '', 'Tempys', 'Common', '', 1, NULL, NULL, NULL, '163', '436,436,436'),
(483, 'Aegis Pulse', 484, 0, 1, 'Spell', 1, '', 'Each friendly creature gets Armor 2.', 'Aegispulse', '', 0, 0, '', 'Alloyin', 'Common', '', 1, NULL, NULL, NULL, '59', '103'),
(484, 'Aegis Pulse', 485, 483, 2, 'Spell', 1, '', 'Each friendly creature gets Armor 3.', 'Aegispulse', '', 0, 0, '', 'Alloyin', 'Common', '', 1, NULL, NULL, NULL, '59', '104'),
(485, 'Aegis Pulse', 485, 484, 3, 'Spell', 1, '', 'Each friendly creature gets Armor 4.', 'Aegispulse', '', 0, 0, '', 'Alloyin', 'Common', '', 1, NULL, NULL, NULL, '59', '162'),
(486, 'Metasight', 487, 0, 1, 'Spell', 1, '', 'Discard and level up 2 cards.', 'Metasight', '', 0, 0, '', 'Alloyin', 'Common', '', 1, NULL, NULL, NULL, '154', '426,427'),
(487, 'Metasight', 487, 486, 2, 'Spell', 1, '', 'Discard and level up 2 cards.', 'Metasight', '', 0, 0, '', 'Alloyin', 'Common', 'Free', 1, NULL, NULL, NULL, '154', '426,427'),
(488, 'Strength in Numbers', 489, 0, 1, 'Spell', 1, '', 'Give a creature +1 attack and +1 health for each friendly creature.', 'StrengthInNumbers', '', 0, 0, '', 'Uterra', 'Common', '', 1, NULL, NULL, NULL, '158', '431'),
(489, 'Strength in Numbers', 490, 488, 2, 'Spell', 1, '', 'Give a creature +2 attack and +2 health for each friendly creature.', 'StrengthInNumbers', '', 0, 0, '', 'Uterra', 'Common', '', 1, NULL, NULL, NULL, '158', '431,431'),
(490, 'Strength in Numbers', 490, 489, 3, 'Spell', 1, '', 'Give a creature +3 attack and +3 health for each friendly creature.', 'StrengthInNumbers', '', 0, 0, '', 'Uterra', 'Common', '', 1, NULL, NULL, NULL, '158', '431,431,431'),
(491, 'Noxious Cloud', 492, 0, 1, 'Spell', 1, '', 'Each enemy creature gets Poison 2.', 'NoxiousCloud', '', 0, 0, '', 'Uterra', 'Rare', '', 1, NULL, NULL, NULL, '72', '253'),
(492, 'Noxious Cloud', 493, 491, 2, 'Spell', 1, '', 'Each enemy creature gets Poison 4.', 'NoxiousCloud', '', 0, 0, '', 'Uterra', 'Rare', '', 1, NULL, NULL, NULL, '72', '147'),
(493, 'Noxious Cloud', 493, 492, 3, 'Spell', 1, '', 'Each enemy creature gets Poison 6.', 'NoxiousCloud', '', 0, 0, '', 'Uterra', 'Rare', '', 1, NULL, NULL, NULL, '72', '148'),
(494, 'Omnomnom', 495, 0, 1, 'Spell', 1, '', 'Give a friendly Zombie +2 attack, +2 health, and Regenerate 2. Then give an enemy non-Zombie -2 attack and -2 health.', 'Omnomnom', '', 0, 0, '', 'Nekrium', 'Heroic', '', 1, NULL, NULL, NULL, '144,145', '140,125,396'),
(495, 'Omnomnom', 496, 494, 2, 'Spell', 1, '', 'Give a friendly Zombie +4 attack, +4 health, and Regenerate 4. Then give an enemy non-Zombie -4 attack and -4 health.', 'Omnomnom', '', 0, 0, '', 'Nekrium', 'Heroic', '', 1, NULL, NULL, NULL, '144,145', '151,126,397'),
(496, 'Omnomnom', 496, 495, 3, 'Spell', 1, '', 'Give a friendly Zombie +6 attack, +6 health, and Regenerate 6. Then give an enemy non-Zombie -6 attack and -6 health.', 'Omnomnom', '', 0, 0, '', 'Nekrium', 'Heroic', '', 1, NULL, NULL, NULL, '144,145', '146,127,398'),
(497, 'Necrovive', 498, 0, 1, 'Spell', 1, '', 'Give a creature Regenerate 3.', 'SD002a-3', '', 0, 0, '', 'Nekrium', 'Common', '', 1, NULL, NULL, NULL, '75', '228'),
(498, 'Necrovive', 499, 497, 2, 'Spell', 1, '', 'Give a creature Regenerate 6.', 'SD002a-3', '', 0, 0, '', 'Nekrium', 'Common', '', 1, NULL, NULL, NULL, '75', '127'),
(499, 'Necrovive', 499, 498, 3, 'Spell', 1, '', 'Give a creature Regenerate 12.', 'SD002a-3', '', 0, 0, '', 'Nekrium', 'Common', '', 1, NULL, NULL, NULL, '75', '229'),
(500, 'Touch of Blight', 501, 0, 1, 'Spell', 1, '', 'Give a creature When this creature deals battle damage to a level 1 creature, destroy that creature.', 'GA218', '', 0, 0, '', 'Nekrium', 'Rare', '', 1, NULL, NULL, NULL, '52', '230'),
(501, 'Touch of Blight', 502, 500, 2, 'Spell', 1, '', 'Give a creature When this creature deals battle damage to a level 2 or lower creature, destroy that creature.', 'GA218', '', 0, 0, '', 'Nekrium', 'Rare', '', 1, NULL, NULL, NULL, '52', '231'),
(502, 'Touch of Blight', 502, 501, 3, 'Spell', 1, '', 'Give a creature When this creature deals battle damage to a creature, destroy that creature.', 'GA218', '', 0, 0, '', 'Nekrium', 'Rare', '', 1, NULL, NULL, NULL, '52', '232'),
(503, 'Nether Embrace', 504, 0, 1, 'Spell', 1, '', 'Deal 4 damage to the enemy player. You gain 4 health.', 'MH130', '', 0, 0, '', 'Nekrium', 'Common', '', 1, NULL, NULL, NULL, '98', '325,328'),
(504, 'Nether Embrace', 505, 503, 2, 'Spell', 1, '', 'Deal 7 damage to the enemy player. You gain 7 health.', 'MH130', '', 0, 0, '', 'Nekrium', 'Common', '', 1, NULL, NULL, NULL, '98', '326,329'),
(505, 'Nether Embrace', 505, 504, 3, 'Spell', 1, '', 'Deal 12 damage to the enemy player. You gain 12 health.', 'MH130', '', 0, 0, '', 'Nekrium', 'Common', '', 1, NULL, NULL, NULL, '98', '327,330'),
(506, 'Ghastly Touch', 507, 0, 1, 'Spell', 1, '', 'Give a creature -3 attack and -3 health.', 'sd011c-3', '', 0, 0, '', 'Nekrium', 'Common', '', 1, NULL, NULL, NULL, '75', '185'),
(507, 'Ghastly Touch', 508, 506, 2, 'Spell', 1, '', 'Give a creature -6 attack and -6 health.', 'sd011c-3', '', 0, 0, '', 'Nekrium', 'Common', '', 1, NULL, NULL, NULL, '75', '217'),
(508, 'Ghastly Touch', 508, 507, 3, 'Spell', 1, '', 'Give a creature -12 attack and -12 health.', 'sd011c-3', '', 0, 0, '', 'Nekrium', 'Common', '', 1, NULL, NULL, NULL, '75', '227'),
(509, 'Rite of the Grimgaunt', 510, 0, 1, 'Spell', 1, '', 'Give a creature When a creature is destroyed, this gets +1 attack and +1 health.', 'BL196', '', 0, 0, '', 'Nekrium', 'Heroic', '', 1, NULL, NULL, NULL, '75', '261'),
(510, 'Rite of the Grimgaunt', 511, 509, 2, 'Spell', 1, '', 'Give a creature When a creature is destroyed, this gets +2 attack and +2 health.', 'BL196', '', 0, 0, '', 'Nekrium', 'Heroic', '', 1, NULL, NULL, NULL, '75', '262'),
(511, 'Rite of the Grimgaunt', 511, 510, 3, 'Spell', 1, '', 'Give a creature When a creature is destroyed, this gets +3 attack and +3 health.', 'BL196', '', 0, 0, '', 'Nekrium', 'Heroic', '', 1, NULL, NULL, NULL, '75', '263'),
(512, 'Soul Harvest', 513, 0, 1, 'Spell', 1, '', 'Destroy a friendly creature. Give a level 1 card Free.', 'DD064-color', '', 0, 0, '', 'Nekrium', 'Heroic', '', 1, NULL, NULL, NULL, '52,162', '109,433'),
(513, 'Soul Harvest', 514, 512, 2, 'Spell', 1, '', 'Destroy a friendly creature. You may play an additional card this turn.', 'DD064-color', '', 0, 0, '', 'Nekrium', 'Heroic', '', 1, NULL, NULL, NULL, '52', '109,430'),
(514, 'Soul Harvest', 514, 513, 3, 'Spell', 1, '', 'Destroy a friendly creature. You may play two additional cards this turn.', 'DD064-color', '', 0, 0, '', 'Nekrium', 'Heroic', '', 1, NULL, NULL, NULL, '52', '109,430,430'),
(515, 'Explosive Demise', 516, 0, 1, 'Spell', 1, '', 'Destroy a friendly level 2 or lower creature. Deal damage equal to its attack to the enemy player.', 'mh028', '', 0, 0, '', 'Nekrium', 'Heroic', '', 1, NULL, NULL, NULL, '63', '109,339'),
(516, 'Explosive Demise', 517, 515, 2, 'Spell', 1, '', 'Destroy a friendly creature. Deal damage equal to its attack to the enemy player.', 'mh028', '', 0, 0, '', 'Nekrium', 'Heroic', '', 1, NULL, NULL, NULL, '52', '109,339'),
(517, 'Explosive Demise', 517, 516, 3, 'Spell', 1, '', 'Destroy a friendly creature. Deal damage equal to its attack to the enemy player. You gain that much health.', 'mh028', '', 0, 0, '', 'Nekrium', 'Heroic', '', 1, NULL, NULL, NULL, '52', '109,339,340'),
(518, 'Dreadbolt', 519, 0, 1, 'Spell', 1, '', 'Destroy a level 1 creature.', 'DD106 Color', '', 0, 0, '', 'Nekrium', 'Heroic', '', 1, NULL, NULL, NULL, '73', '109'),
(519, 'Dreadbolt', 520, 518, 2, 'Spell', 1, '', 'Destroy a level 2 or lower creature.', 'DD106 Color', '', 0, 0, '', 'Nekrium', 'Heroic', '', 1, NULL, NULL, NULL, '74', '109'),
(520, 'Dreadbolt', 520, 519, 3, 'Spell', 1, '', 'Destroy a creature.', 'DD106 Color', '', 0, 0, '', 'Nekrium', 'Heroic', '', 1, NULL, NULL, NULL, '75', '109'),
(521, 'Contagion Surge', 522, 0, 1, 'Spell', 1, '', 'Give a creature -1 attack and -1 health.', 'SD003a-2', '', 0, 0, '', 'Nekrium', 'Rare', '', 1, NULL, NULL, NULL, '53', '183'),
(522, 'Contagion Surge', 523, 521, 2, 'Spell', 1, '', 'Give a creature -2 attack and -2 health.', 'SD003a-2', '', 0, 0, '', 'Nekrium', 'Rare', 'Free', 1, NULL, NULL, NULL, '53', '184'),
(523, 'Contagion Surge', 523, 522, 3, 'Spell', 1, '', 'Give a creature -3 attack and -3 health.', 'SD003a-2', '', 0, 0, '', 'Nekrium', 'Rare', 'Free', 1, NULL, NULL, NULL, '53', '185'),
(524, 'Aquatic Embrace', 525, 0, 1, 'Spell', 1, '', 'Give a creature +5 health.', 'stoneskin', '', 0, 0, '', 'Tempys', 'Common', '', 1, NULL, NULL, NULL, '75', '242'),
(525, 'Aquatic Embrace', 526, 524, 2, 'Spell', 1, '', 'Give a creature +10 health.', 'stoneskin', '', 0, 0, '', 'Tempys', 'Common', '', 1, NULL, NULL, NULL, '75', '243'),
(526, 'Aquatic Embrace', 526, 525, 3, 'Spell', 1, '', 'Give a creature +15 health.', 'stoneskin', '', 0, 0, '', 'Tempys', 'Common', '', 1, NULL, NULL, NULL, '75', '244'),
(527, 'Lightning Brand', 528, 0, 1, 'Spell', 1, '', 'Give a level 2 or lower creature +1 attack and Aggressive this turn.', 'DE157 color', '', 0, 0, '', 'Tempys', 'Common', '', 1, NULL, NULL, NULL, '74', '287,284'),
(528, 'Lightning Brand', 529, 527, 2, 'Spell', 1, '', 'Give a creature +2 attack and Aggressive this turn.', 'DE157 color', '', 0, 0, '', 'Tempys', 'Common', '', 1, NULL, NULL, NULL, '75', '287,285'),
(529, 'Lightning Brand', 529, 528, 3, 'Spell', 1, '', 'Give a creature +4 attack and Aggressive this turn.', 'DE157 color', '', 0, 0, '', 'Tempys', 'Common', '', 1, NULL, NULL, NULL, '75', '287,286'),
(530, 'Asir\'s Blessing', 531, 0, 1, 'Spell', 1, '', 'Give a creature When this creature deals battle damage to a player, it gets +1 attack and +1 health.', 'cape', '', 0, 0, '', 'Tempys', 'Rare', '', 1, NULL, NULL, NULL, '39', '169'),
(531, 'Asir\'s Blessing', 532, 530, 2, 'Spell', 1, '', 'Give a creature When this creature deals battle damage to a player, it gets +2 attack and +2 health.', 'cape', '', 0, 0, '', 'Tempys', 'Rare', '', 1, NULL, NULL, NULL, '39', '170'),
(532, 'Asir\'s Blessing', 532, 531, 3, 'Spell', 1, '', 'Give a creature When this creature deals battle damage to a player, it gets +3 attack and +3 health.', 'cape', '', 0, 0, '', 'Tempys', 'Rare', '', 1, NULL, NULL, NULL, '39', '171'),
(533, 'Disintegrate', 534, 0, 1, 'Spell', 1, '', 'Deal 1 to 8 damage to the enemy player.', 'SD021e-x', '', 0, 0, '', 'Tempys', 'Rare', '', 1, NULL, NULL, NULL, '98', '341'),
(534, 'Disintegrate', 535, 533, 2, 'Spell', 1, '', 'Deal 1 to 15 damage to the enemy player.', 'SD021e-x', '', 0, 0, '', 'Tempys', 'Rare', '', 1, NULL, NULL, NULL, '98', '342'),
(535, 'Disintegrate', 535, 534, 3, 'Spell', 1, '', 'Deal 1 to 25 damage to the enemy player.', 'SD021e-x', '', 0, 0, '', 'Tempys', 'Rare', '', 1, NULL, NULL, NULL, '98', '343'),
(536, 'Static Shock', 537, 0, 1, 'Spell', 1, '', 'Deal 1 damage to a creature or player. a level 1 spell gains free', 'SE031d-x', '', 0, 0, '', 'Tempys', 'Heroic', '', 1, NULL, NULL, NULL, '82,159', '432,433'),
(537, 'Static Shock', 538, 536, 2, 'Spell', 1, '', 'Deal 2 damage to a creature or player. A level 2 or lower spell gains Free.', 'SE031d-x', '', 0, 0, '', 'Tempys', 'Heroic', '', 1, NULL, NULL, NULL, '82,160', '433,434'),
(538, 'Static Shock', 538, 537, 3, 'Spell', 1, '', 'Deal 4 damage to a creature or player. A spell gains Free.', 'SE031d-x', '', 0, 0, '', 'Tempys', 'Heroic', '', 1, NULL, NULL, NULL, '82,161', '433,435'),
(539, 'Fervent Assault', 540, 0, 1, 'Spell', 1, '', 'Give a friendly creature Mobility 1 and Flank: Deal 3 damage to the opposing creature.', 'MH019', '', 0, 0, '', 'Tempys', 'Heroic', '', 1, NULL, NULL, NULL, '52', '180,359'),
(540, 'Fervent Assault', 541, 539, 2, 'Spell', 1, '', 'Give a friendly creature Mobility 2 and Flank: Deal 6 damage to the opposing creature.', 'MH019', '', 0, 0, '', 'Tempys', 'Heroic', '', 1, NULL, NULL, NULL, '52', '181,360'),
(541, 'Fervent Assault', 541, 540, 3, 'Spell', 1, '', 'Give a friendly creature Mobility 3 and Flank: Deal 12 damage to the opposing creature.', 'MH019', '', 0, 0, '', 'Tempys', 'Heroic', '', 1, NULL, NULL, NULL, '52', '182,361'),
(542, 'Iceborn Fortitude', 543, 0, 1, 'Spell', 1, '', 'Each friendly creature gets +3 health.', 'Stone skin mass3', '', 0, 0, '', 'Tempys', 'Rare', '', 1, NULL, NULL, NULL, '59', '245'),
(543, 'Iceborn Fortitude', 544, 542, 2, 'Spell', 1, '', 'Each friendly creature gets +5 health.', 'Stone skin mass3', '', 0, 0, '', 'Tempys', 'Rare', '', 1, NULL, NULL, NULL, '59', '242'),
(544, 'Iceborn Fortitude', 544, 543, 3, 'Spell', 1, '', 'Each friendly creature gets +10 health.', 'Stone skin mass3', '', 0, 0, '', 'Tempys', 'Rare', '', 1, NULL, NULL, NULL, '59', '243'),
(545, 'Call the Lightning', 546, 0, 1, 'Spell', 1, '', 'Each friendly creature battles an additional time this turn.', 'BL220', '', 0, 0, '', 'Tempys', 'Legendary', '', 1, NULL, NULL, NULL, '106', '331'),
(546, 'Call the Lightning', 547, 545, 2, 'Spell', 1, '', 'Each friendly creature gets +2 attack this turn. Those creatures battles an additional time this turn.', 'BL220', '', 0, 0, '', 'Tempys', 'Legendary', '', 1, NULL, NULL, NULL, '106', '331,105'),
(547, 'Call the Lightning', 547, 546, 3, 'Spell', 1, '', 'Each friendly creature gets +4 attack this turn. Those creatures battles an additional time this turn.', 'BL220', '', 0, 0, '', 'Tempys', 'Legendary', '', 1, NULL, NULL, NULL, '106', '331,106'),
(548, 'Frozen Solid', 549, 0, 1, 'Spell', 1, '', 'Give a level 1 creature When this is dealt damage, destroy it.', 'se011b-X', '', 0, 0, '', 'Tempys', 'Rare', '', 1, NULL, NULL, NULL, '155', '429'),
(549, 'Frozen Solid', 550, 548, 2, 'Spell', 1, '', 'Give a level 2 or lower creature When this is dealt damage, destroy it.', 'se011b-X', '', 0, 0, '', 'Tempys', 'Rare', '', 1, NULL, NULL, NULL, '156', '429'),
(550, 'Frozen Solid', 550, 549, 3, 'Spell', 1, '', 'Give a creature When this is dealt damage, destroy it.', 'se011b-X', '', 0, 0, '', 'Tempys', 'Rare', '', 1, NULL, NULL, NULL, '157', '429'),
(551, 'Aerial Surge', 552, 0, 1, 'Spell', 1, '', 'Give a creature Mobility 1.', 'BL166', '', 0, 0, '', 'Tempys', 'Rare', '', 1, NULL, NULL, NULL, '52', '180'),
(552, 'Aerial Surge', 553, 551, 2, 'Spell', 1, '', 'Give a creature Mobility 2.', 'BL166', '', 0, 0, '', 'Tempys', 'Rare', 'Free', 1, NULL, NULL, NULL, '52', '181'),
(553, 'Aerial Surge', 553, 552, 3, 'Spell', 1, '', 'Give a creature Mobility 3.', 'BL166', '', 0, 0, '', 'Tempys', 'Rare', 'Free', 1, NULL, NULL, NULL, '52', '182'),
(554, 'Heavy Artillery', 555, 0, 1, 'Spell', 1, '', 'Give a creature +5 attack.', 'SM002a-3', '', 0, 0, '', 'Alloyin', 'Common', '', 1, NULL, NULL, NULL, '52', '176'),
(555, 'Heavy Artillery', 556, 554, 2, 'Spell', 1, '', 'Give a creature +10 attack.', 'SM002a-3', '', 0, 0, '', 'Alloyin', 'Common', '', 1, NULL, NULL, NULL, '52', '177'),
(556, 'Heavy Artillery', 556, 555, 3, 'Spell', 1, '', 'Give a creature +15 attack.', 'SM002a-3', '', 0, 0, '', 'Alloyin', 'Common', '', 1, NULL, NULL, NULL, '52', '178'),
(557, 'Jet Pack', 558, 0, 1, 'Spell', 1, '', 'Give a creature +3 attack and Mobility 1.', 'jet_pack', '', 0, 0, '', 'Alloyin', 'Common', '', 1, NULL, NULL, NULL, '75', '180,122'),
(558, 'Jet Pack', 559, 557, 2, 'Spell', 1, '', 'Give a creature +6 attack and Mobility 1.', 'jet_pack', '', 0, 0, '', 'Alloyin', 'Common', '', 1, NULL, NULL, NULL, '75', '180,107'),
(559, 'Jet Pack', 559, 558, 3, 'Spell', 1, '', 'Give a creature +9 attack and Mobility 1.', 'jet_pack', '', 0, 0, '', 'Alloyin', 'Common', '', 1, NULL, NULL, NULL, '75', '180,247'),
(560, 'Metasculpt', 561, 0, 1, 'Spell', 1, '', 'Remove all abilities from a level 2 or lower creature.', 'SM006a-3', '', 0, 0, '', 'Alloyin', 'Heroic', '', 1, NULL, NULL, NULL, '167', '439'),
(561, 'Metasculpt', 562, 560, 2, 'Spell', 1, '', 'Remove all abilities from a creature.', 'SM006a-3', '', 0, 0, '', 'Alloyin', 'Heroic', '', 1, NULL, NULL, NULL, '39', '439'),
(562, 'Metasculpt', 562, 561, 3, 'Spell', 1, '', 'Remove all abilities from a creature.', 'SM006a-3', '', 0, 0, '', 'Alloyin', 'Heroic', 'Free', 1, NULL, NULL, NULL, '39', '439'),
(563, 'Energy Prison', 564, 0, 1, 'Spell', 1, '', 'Give a level 1 creature Defender.', 'BL268', '', 0, 0, '', 'Alloyin', 'Heroic', '', 1, NULL, NULL, NULL, '73', '274'),
(564, 'Energy Prison', 565, 563, 2, 'Spell', 1, '', 'Give a level 2 or lower creature Defender.', 'BL268', '', 0, 0, '', 'Alloyin', 'Heroic', '', 1, NULL, NULL, NULL, '74', '274'),
(565, 'Energy Prison', 565, 564, 3, 'Spell', 1, '', 'Give a creature Defender.', 'BL268', '', 0, 0, '', 'Alloyin', 'Heroic', 'Free', 1, NULL, NULL, NULL, '75', '274'),
(566, 'Warmonger Mod', 567, 0, 1, 'Spell', 1, '', 'Give a level 2 or lower creature 2x attack.', 'SM010a-X', '', 0, 0, '', 'Alloyin', 'Heroic', '', 1, NULL, NULL, NULL, '74', '423'),
(567, 'Warmonger Mod', 568, 566, 2, 'Spell', 1, '', 'Give a creature 2x attack.', 'SM010a-X', '', 0, 0, '', 'Alloyin', 'Heroic', '', 1, NULL, NULL, NULL, '75', '423'),
(568, 'Warmonger Mod', 568, 567, 3, 'Spell', 1, '', 'Give a creature 3x attack.', 'SM010a-X', '', 0, 0, '', 'Alloyin', 'Heroic', '', 1, NULL, NULL, NULL, '75', '423,423'),
(569, 'Bulwark Bash', 570, 0, 1, 'Spell', 1, '', 'Deal damage equal to the Armor on a friendly creature to an enemy creature.', 'bl229 rev', '', 0, 0, '', 'Alloyin', 'Rare', '', 1, NULL, NULL, NULL, '138,53', '390'),
(570, 'Bulwark Bash', 571, 569, 2, 'Spell', 1, '', 'Deal damage equal to 2x the Armor on a friendly creature to an enemy creature.', 'bl229 rev', '', 0, 0, '', 'Alloyin', 'Rare', '', 1, NULL, NULL, NULL, '138,53', '390,390'),
(571, 'Bulwark Bash', 571, 570, 3, 'Spell', 1, '', 'Deal damage equal to 3x the Armor on a friendly creature to an enemy creature.', 'bl229 rev', '', 0, 0, '', 'Alloyin', 'Rare', '', 1, NULL, NULL, NULL, '138,53', '390,390,390'),
(572, 'Forcefield', 573, 0, 1, 'Spell', 1, '', 'Give a creature Armor 5 this turn.', 'SM003a-3', '', 0, 0, '', 'Alloyin', 'Common', '', 1, NULL, NULL, NULL, '75', '277'),
(573, 'Forcefield', 574, 572, 2, 'Spell', 1, '', 'Give a creature Armor 10 this turn.', 'SM003a-3', '', 0, 0, '', 'Alloyin', 'Common', '', 1, NULL, NULL, NULL, '75', '278'),
(574, 'Forcefield', 574, 573, 3, 'Spell', 1, '', 'Give a creature Armor 20 this turn.', 'SM003a-3', '', 0, 0, '', 'Alloyin', 'Common', '', 1, NULL, NULL, NULL, '75', '279'),
(575, 'Cypien Augmentation', 576, 0, 1, 'Spell', 1, '', 'Give a creature in a center space +2 attack and +2 health.', 'MH013', '', 0, 0, '', 'Alloyin', 'Rare', '', 1, NULL, NULL, NULL, '104', '140'),
(576, 'Cypien Augmentation', 577, 575, 2, 'Spell', 1, '', 'Give a creature in a center space +4 attack and +4 health.', 'MH013', '', 0, 0, '', 'Alloyin', 'Rare', 'Free', 1, NULL, NULL, NULL, '104', '151'),
(577, 'Cypien Augmentation', 577, 576, 3, 'Spell', 1, '', 'Give a creature in a center space +6 attack and +6 health.', 'MH013', '', 0, 0, '', 'Alloyin', 'Rare', 'Free', 1, NULL, NULL, NULL, '104', '146'),
(578, 'Energy Surge', 579, 0, 1, 'Spell', 1, '', 'Draw 1 card.', 'DM289-Color', '', 0, 0, '', 'Alloyin', 'Rare', '', 1, NULL, NULL, NULL, '68', '186'),
(579, 'Energy Surge', 580, 578, 2, 'Spell', 1, '', 'Draw 2 cards.', 'DM289-Color', '', 0, 0, '', 'Alloyin', 'Rare', 'Free', 1, NULL, NULL, NULL, '68', '187'),
(580, 'Energy Surge', 580, 579, 3, 'Spell', 1, '', 'Draw 3 cards.', 'DM289-Color', '', 0, 0, '', 'Alloyin', 'Rare', 'Free,Overload', 1, NULL, NULL, NULL, '68', '188'),
(581, 'Feral Instinct', 582, 0, 1, 'Spell', 1, '', 'Give a creature +1 attack, +1 health and Breakthrough.', 'BL040 rev2', '', 0, 0, '', 'Uterra', 'Common', '', 1, NULL, NULL, NULL, '75', '218,119'),
(582, 'Feral Instinct', 583, 581, 2, 'Spell', 1, '', 'Give a creature +3 attack, +3 health and Breakthrough.', 'BL040 rev2', '', 0, 0, '', 'Uterra', 'Common', '', 1, NULL, NULL, NULL, '75', '218,120'),
(583, 'Feral Instinct', 583, 582, 3, 'Spell', 1, '', 'Give a creature +8 attack, +8 health and Breakthrough.', 'BL040 rev2', '', 0, 0, '', 'Uterra', 'Common', '', 1, NULL, NULL, NULL, '75', '218,159'),
(584, 'Druid\'s Chant', 585, 0, 1, 'Spell', 1, '', 'You gain 8 Health.', 'SL004a-X', '', 0, 0, '', 'Uterra', 'Common', '', 1, NULL, NULL, NULL, '98', '270'),
(585, 'Druid\'s Chant', 586, 584, 2, 'Spell', 1, '', 'You gain 12 Health.', 'SL004a-X', '', 0, 0, '', 'Uterra', 'Common', '', 1, NULL, NULL, NULL, '98', '271'),
(586, 'Druid\'s Chant', 586, 585, 3, 'Spell', 1, '', 'You gain 20 Health.', 'SL004a-X', '', 0, 0, '', 'Uterra', 'Common', '', 1, NULL, NULL, NULL, '98', '272'),
(587, 'Botanimate', 588, 0, 1, 'Spell', 1, '', 'Replace an enemy level 1 creature with a 3/3 <card card_id=PlantToken08>Sapling</card>.', 'BL046', '', 0, 0, '', 'Uterra', 'Heroic', '', 1, NULL, NULL, NULL, '90', '273'),
(588, 'Botanimate', 589, 587, 2, 'Spell', 1, '', 'Replace an enemy level 2 or lower creature with a 3/3 <card card_id=PlantToken09>Sapling</card>.', 'BL046', '', 0, 0, '', 'Uterra', 'Heroic', '', 1, NULL, NULL, NULL, '91', '273'),
(589, 'Botanimate', 589, 588, 3, 'Spell', 1, '', 'Replace an enemy creature with a 3/3 <card card_id=PlantToken10>Sapling</card>.', 'BL046', '', 0, 0, '', 'Uterra', 'Heroic', '', 1, NULL, NULL, NULL, '53', '273'),
(590, 'Cultivate', 591, 0, 1, 'Spell', 1, '', 'Replace a friendly Plant with a 9/9 <card card_id=Treefolk_Token1>Treefolk</card>.', 'sprout_AAA', '', 0, 0, '', 'Uterra', 'Heroic', '', 1, NULL, NULL, NULL, '94', '294'),
(591, 'Cultivate', 592, 590, 2, 'Spell', 1, '', 'Replace a friendly Plant with a 14/14 <card card_id=Treefolk_Token2>Treefolk</card>.', 'sprout_AAA', '', 0, 0, '', 'Uterra', 'Heroic', '', 1, NULL, NULL, NULL, '94', '295'),
(592, 'Cultivate', 592, 591, 3, 'Spell', 1, '', 'Replace a friendly Plant with a 21/21 <card card_id=Treefolk_Token3>Treefolk</card>.', 'sprout_AAA', '', 0, 0, '', 'Uterra', 'Heroic', '', 1, NULL, NULL, NULL, '94', '296'),
(593, 'Phytobomb', 594, 0, 1, 'Spell', 1, '', 'Put a 1/1 <card card_id=Seedling_Token>Seedling</card> into each players available spaces.', 'GA 2004', '', 0, 0, '', 'Uterra', 'Heroic', '', 1, NULL, NULL, NULL, '83', '224'),
(594, 'Phytobomb', 595, 593, 2, 'Spell', 1, '', 'Put a 3/3 <card card_id=Seedling_Token2>Sapling</card> into each players available spaces.', 'GA 2004', '', 0, 0, '', 'Uterra', 'Heroic', '', 1, NULL, NULL, NULL, '83', '225'),
(595, 'Phytobomb', 595, 594, 3, 'Spell', 1, '', 'Put a 5/5 <card card_id=Seedling_Token3>Treefolk</card> into each friendly available space.', 'GA 2004', '', 0, 0, '', 'Uterra', 'Heroic', '', 1, NULL, NULL, NULL, '84', '226'),
(596, 'Natural Selection', 597, 0, 1, 'Spell', 1, '', 'If there is a friendly creature in each space, destroy a level 1 creature.', 'naturalselection', '', 0, 0, '', 'Uterra', 'Rare', '', 1, NULL, NULL, NULL, '108', '150'),
(597, 'Natural Selection', 598, 596, 2, 'Spell', 1, '', 'If there is a friendly creature in each space, destroy a level 2 or lower creature.', 'naturalselection', '', 0, 0, '', 'Uterra', 'Rare', '', 1, NULL, NULL, NULL, '109', '150'),
(598, 'Natural Selection', 598, 597, 3, 'Spell', 1, '', 'If there is a friendly creature in each space, destroy a creature.', 'naturalselection', '', 0, 0, '', 'Uterra', 'Rare', '', 1, NULL, NULL, NULL, '110', '150'),
(599, 'Primal Surge', 600, 0, 1, 'Spell', 1, '', 'Give a creature +1 attack and +1 health.', 'DM436-color', '', 0, 0, '', 'Uterra', 'Rare', '', 1, NULL, NULL, NULL, '52', '165'),
(600, 'Primal Surge', 601, 599, 2, 'Spell', 1, '', 'Give a creature +2 attack and +2 health.', 'DM436-color', '', 0, 0, '', 'Uterra', 'Rare', 'Free', 1, NULL, NULL, NULL, '52', '166'),
(601, 'Primal Surge', 601, 600, 3, 'Spell', 1, '', 'Give a creature +3 attack and +3 health.', 'DM436-color', '', 0, 0, '', 'Uterra', 'Rare', 'Free', 1, NULL, NULL, NULL, '52', '168'),
(602, 'Soothing Radiance', 603, 0, 1, 'Spell', 1, '', 'Heal 6 damage from each friendly creature.', 'dm400', '', 0, 0, '', 'Uterra', 'Common', '', 1, NULL, NULL, NULL, '59', '356'),
(603, 'Soothing Radiance', 604, 602, 2, 'Spell', 1, '', 'Heal 12 damage from each friendly creature.', 'dm400', '', 0, 0, '', 'Uterra', 'Common', '', 1, NULL, NULL, NULL, '59', '357'),
(604, 'Soothing Radiance', 604, 603, 3, 'Spell', 1, '', 'Heal 24 damage from each friendly creature.', 'dm400', '', 0, 0, '', 'Uterra', 'Common', '', 1, NULL, NULL, NULL, '59', '358'),
(605, 'Ferocious Roar', 606, 0, 1, 'Spell', 1, '', 'Each friendly creature gets +2 attack and +2 health.', 'ferociousroar', '', 0, 0, '', 'Uterra', 'Heroic', '', 1, NULL, NULL, NULL, '59', '140'),
(606, 'Ferocious Roar', 607, 605, 2, 'Spell', 1, '', 'Each friendly creature gets +3 attack and +3 health.', 'ferociousroar', '', 0, 0, '', 'Uterra', 'Heroic', '', 1, NULL, NULL, NULL, '59', '145'),
(607, 'Ferocious Roar', 607, 606, 3, 'Spell', 1, '', 'Each friendly creature gets +5 attack, +5 health, and Breakthrough.', 'ferociousroar', '', 0, 0, '', 'Uterra', 'Heroic', '', 1, NULL, NULL, NULL, '59', '121,218'),
(608, 'Toxic Spores', 609, 0, 1, 'Spell', 1, '', 'Give a creature Poison 5.', 'sn001b-3', '', 0, 0, '', 'Uterra', 'Common', '', 1, NULL, NULL, NULL, '75', '156'),
(609, 'Toxic Spores', 610, 608, 2, 'Spell', 1, '', 'Give a creature Poison 7.', 'sn001b-3', '', 0, 0, '', 'Uterra', 'Common', '', 1, NULL, NULL, NULL, '75', '251'),
(610, 'Toxic Spores', 610, 609, 3, 'Spell', 1, '', 'Give a creature Poison 12.', 'sn001b-3', '', 0, 0, '', 'Uterra', 'Common', '', 1, NULL, NULL, NULL, '75', '252'),
(611, 'Epidemic', 612, 0, 1, 'Spell', 1, '', 'Each enemy creature gets -2 attack and -2 health.', 'sd024e', '', 0, 0, '', 'Nekrium', 'Heroic', '', 1, NULL, NULL, NULL, '72', '184'),
(612, 'Epidemic', 613, 611, 2, 'Spell', 1, '', 'Each enemy creature gets -4 attack and -4 health.', 'sd024e', '', 0, 0, '', 'Nekrium', 'Heroic', '', 1, NULL, NULL, NULL, '72', '216'),
(613, 'Epidemic', 613, 612, 3, 'Spell', 1, '', 'Each enemy creature gets -6 attack and -6 health.', 'sd024e', '', 0, 0, '', 'Nekrium', 'Heroic', '', 1, NULL, NULL, NULL, '72', '217'),
(614, 'Hungering Strike', 615, 0, 1, 'Spell', 1, '', 'Give a friendly creature +3 attack. Give an enemy creature -3 attack.', 'swordvamp', '', 0, 0, '', 'Nekrium', 'Rare', '', 1, NULL, NULL, NULL, '52,53', '122,347'),
(615, 'Hungering Strike', 616, 614, 2, 'Spell', 1, '', 'Give a friendly creature +5 attack. Give an enemy creature -5 attack.', 'swordvamp', '', 0, 0, '', 'Nekrium', 'Rare', '', 1, NULL, NULL, NULL, '52,53', '123,348'),
(616, 'Hungering Strike', 616, 615, 3, 'Spell', 1, '', 'Give a friendly creature +9 attack. Give an enemy creature -9 attack.', 'swordvamp', '', 0, 0, '', 'Nekrium', 'Rare', '', 1, NULL, NULL, NULL, '52,53', '247,349'),
(617, 'Grave Pact', 618, 0, 1, 'Spell', 1, '', 'Destroy a friendly creature. Destroy a level 2 or lower enemy creature.', 'grave-pact', '', 0, 0, '', 'Nekrium', 'Rare', '', 1, NULL, NULL, NULL, '52,47', '109,338'),
(618, 'Grave Pact', 619, 617, 2, 'Spell', 1, '', 'Destroy a friendly creature. Destroy an enemy creature.', 'grave-pact', '', 0, 0, '', 'Nekrium', 'Rare', '', 1, NULL, NULL, NULL, '52,53', '109,338'),
(619, 'Grave Pact', 619, 618, 3, 'Spell', 1, '', 'Free. Destroy a friendly creature. Destroy a lower enemy creature.', 'grave-pact', '', 0, 0, '', 'Nekrium', 'Rare', 'Free', 1, NULL, NULL, NULL, '52,53', '109,338'),
(620, 'Sonic Pulse', 621, 0, 1, 'Spell', 1, '', 'All enemy creatures get -4 attack.', 'Sonicblast', '', 0, 0, '', 'Alloyin', 'Heroic', '', 1, NULL, NULL, NULL, '130', '377'),
(621, 'Sonic Pulse', 622, 620, 2, 'Spell', 1, '', 'All enemy creatures get -6 attack.', 'Sonicblast', '', 0, 0, '', 'Alloyin', 'Heroic', '', 1, NULL, NULL, NULL, '130', '378'),
(622, 'Sonic Pulse', 622, 621, 3, 'Spell', 1, '', 'All enemy creatures get -8 attack.', 'Sonicblast', '', 0, 0, '', 'Alloyin', 'Heroic', '', 1, NULL, NULL, NULL, '130', '379'),
(623, 'Tech Upgrade', 624, 0, 1, 'Spell', 1, '', 'Give a friendly Robot +4 attack and Armor 2.', 'sm004-x', '', 0, 0, '', 'Alloyin', 'Rare', '', 1, NULL, NULL, NULL, '93', '106,103'),
(624, 'Tech Upgrade', 625, 623, 2, 'Spell', 1, '', 'Give a friendly Robot +6 attack and Armor 3.', 'sm004-x', '', 0, 0, '', 'Alloyin', 'Rare', '', 1, NULL, NULL, NULL, '93', '107,104'),
(625, 'Tech Upgrade', 625, 624, 3, 'Spell', 1, '', 'Give a friendly Robot +12 attack and Armor 6.', 'sm004-x', '', 0, 0, '', 'Alloyin', 'Rare', '', 1, NULL, NULL, NULL, '93', '289,290'),
(626, 'Firestorm', 627, 0, 1, 'Spell', 1, '', 'Deal 5 damage to each creature.', 'SE022c-x', '', 0, 0, '', 'Tempys', 'Heroic', '', 1, NULL, NULL, NULL, '92', '275'),
(627, 'Firestorm', 628, 626, 2, 'Spell', 1, '', 'Deal 6 damage to each creature.', 'SE022c-x', '', 0, 0, '', 'Tempys', 'Heroic', '', 1, NULL, NULL, NULL, '92', '133'),
(628, 'Firestorm', 628, 627, 3, 'Spell', 1, '', 'Deal 7 damage to each creature.', 'SE022c-x', '', 0, 0, '', 'Tempys', 'Heroic', '', 1, NULL, NULL, NULL, '92', '276'),
(629, 'Primordial Slam', 630, 0, 1, 'Spell', 1, '', 'Give a creature +7 attack this turn', 'se001a-3', '', 0, 0, '', 'Tempys', 'Common', '', 1, NULL, NULL, NULL, '52', '189'),
(630, 'Primordial Slam', 631, 629, 2, 'Spell', 1, '', 'Give a creature +11 attack this turn', 'se001a-3', '', 0, 0, '', 'Tempys', 'Common', '', 1, NULL, NULL, NULL, '52', '190'),
(631, 'Primordial Slam', 631, 630, 3, 'Spell', 1, '', 'Give a creature +15 attack this turn', 'se001a-3', '', 0, 0, '', 'Tempys', 'Common', '', 1, NULL, NULL, NULL, '52', '191'),
(632, 'Uranti Bolt', 633, 0, 1, 'Spell', 1, '', 'Deal 3 damage to a creature. It gets Defender until the start of your next turn.', 'DE175', '', 0, 0, '', 'Tempys', 'Rare', '', 1, NULL, NULL, NULL, '75', '213,291'),
(633, 'Uranti Bolt', 634, 632, 2, 'Spell', 1, '', 'Deal 10 damage to a creature. It gets Defender until the start of your next turn.', 'DE175', '', 0, 0, '', 'Tempys', 'Rare', '', 1, NULL, NULL, NULL, '75', '292,291'),
(634, 'Uranti Bolt', 634, 633, 3, 'Spell', 1, '', 'Deal 20 damage to a creature. It gets Defender until the start of your next turn.', 'DE175', '', 0, 0, '', 'Tempys', 'Rare', '', 1, NULL, NULL, NULL, '75', '293,291'),
(635, 'Cull the Weak', 636, 0, 1, 'Spell', 1, '', 'Destroy target creature with 4 or less attack.', 'sd001a-3', '', 0, 0, '', 'Nekrium', 'Common', '', 1, NULL, NULL, NULL, '76', '109'),
(636, 'Cull the Weak', 637, 635, 2, 'Spell', 1, '', 'Destroy target creature with 8 or less attack.', 'sd001a-3', '', 0, 0, '', 'Nekrium', 'Common', '', 1, NULL, NULL, NULL, '77', '109'),
(637, 'Cull the Weak', 637, 636, 3, 'Spell', 1, '', 'Destroy target creature with 14 or less attack.', 'sd001a-3', '', 0, 0, '', 'Nekrium', 'Common', '', 1, NULL, NULL, NULL, '78', '109'),
(638, 'Enrage', 639, 0, 1, 'Spell', 1, '', 'Target creature gets +3 attack and +3 health.', 'sn002b-3', '', 0, 0, '', 'Uterra', 'Common', '', 1, NULL, NULL, NULL, '52', '173'),
(639, 'Enrage', 640, 638, 2, 'Spell', 1, '', 'Target creature gets +6 attack and +6 health.', 'sn002b-3', '', 0, 0, '', 'Uterra', 'Common', '', 1, NULL, NULL, NULL, '52', '174'),
(640, 'Enrage', 640, 639, 3, 'Spell', 1, '', 'Target creature gets +12 attack and +12 health.', 'sn002b-3', '', 0, 0, '', 'Uterra', 'Common', '', 1, NULL, NULL, NULL, '52', '175'),
(641, 'Lightning Spark', 642, 0, 1, 'Spell', 1, '', 'Deal 6 damage to target creature or player.', 'se002a-2', '', 0, 0, '', 'Tempys', 'Common', '', 1, NULL, NULL, NULL, '82', '133'),
(642, 'Lightning Spark', 643, 641, 2, 'Spell', 1, '', 'Deal 8 damage to target creature or player.', 'se002a-2', '', 0, 0, '', 'Tempys', 'Common', '', 1, NULL, NULL, NULL, '82', '222'),
(643, 'Lightning Spark', 643, 642, 3, 'Spell', 1, '', 'Deal 12 damage to target creature or player.', 'se002a-2', '', 0, 0, '', 'Tempys', 'Common', '', 1, NULL, NULL, NULL, '82', '223'),
(644, 'Electro Net', 645, 0, 1, 'Spell', 1, '', 'Target creature gets -5 attack.', 'sm9010-x', '', 0, 0, '', 'Alloyin', 'Common', '', 1, NULL, NULL, NULL, '75', '267'),
(645, 'Electro Net', 646, 644, 2, 'Spell', 1, '', 'Target creature gets -10 attack.', 'sm9010-x', '', 0, 0, '', 'Alloyin', 'Common', '', 1, NULL, NULL, NULL, '75', '268'),
(646, 'Electro Net', 646, 645, 3, 'Spell', 1, '', 'Target creature gets -15 attack.', 'sm9010-x', '', 0, 0, '', 'Alloyin', 'Common', '', 1, NULL, NULL, NULL, '75', '269');

-- --------------------------------------------------------

--
-- Table structure for table `effects`
--

CREATE TABLE `effects` (
  `effectid` int NOT NULL,
  `effecttype` enum('drawspecific','destroy','extraplay','Negate','keyword','Silence','Quiet','levelinhand','Discard','level','heal','Attackplus','Healthplus','statplus','stats','draw','move','replace','spawn','damage','Addtrigger','DiscardDownTo','ExtraBattleThisTurn','drag') CHARACTER SET utf8mb4 COLLATE utf8mb4_0900_ai_ci NOT NULL,
  `effecttarget` varchar(255) NOT NULL,
  `effectmod1` varchar(255) NOT NULL,
  `expires` int NOT NULL DEFAULT '0'
) ENGINE=InnoDB DEFAULT CHARSET=utf8mb4 COLLATE=utf8mb4_0900_ai_ci;

--
-- Dumping data for table `effects`
--

INSERT INTO `effects` (`effectid`, `effecttype`, `effecttarget`, `effectmod1`, `expires`) VALUES
(102, 'keyword', 'target0', 'Armor 1', 0),
(103, 'keyword', 'target0', 'Armor 2', 0),
(104, 'keyword', 'target0', 'Armor 3', 0),
(105, 'stats', 'target0', '+2/+0', 0),
(106, 'stats', 'target0', '+4/+0', 0),
(107, 'stats', 'target0', '+6/+0', 0),
(108, 'move', 'emptylane', '', 0),
(109, 'destroy', 'target0', '', 0),
(110, 'keyword', 'self', 'Regenerate 1', 0),
(111, 'keyword', 'self', 'Regenerate 2', 0),
(112, 'keyword', 'self', 'Regenerate 4', 0),
(113, 'spawn', 'samelane', '357', 0),
(114, 'spawn', 'samelane', '358', 0),
(115, 'spawn', 'samelane', '359', 0),
(116, 'stats', 'target0', '+2/+0', 0),
(117, 'stats', 'target0', '+4/+0', 0),
(118, 'stats', 'target0', '+8/+0', 0),
(119, 'stats', 'target0', '+1/+1', 0),
(120, 'stats', 'target0', '+3/+3', 0),
(121, 'stats', 'target0', '+5/+5', 0),
(122, 'stats', 'target0', '+3/+0', 0),
(123, 'stats', 'target0', '+5/+0', 0),
(124, 'stats', 'target0', '+10/+0', 0),
(125, 'keyword', 'target0', 'Regenerate 2', 0),
(126, 'keyword', 'target0', 'Regenerate 4', 0),
(127, 'keyword', 'target0', 'Regenerate 6', 0),
(128, 'stats', 'target0', '+0/+2', 0),
(129, 'stats', 'target0', '+0/+4', 0),
(130, 'stats', 'target0', '+0/+8', 0),
(131, 'damage', 'target0', '2', 0),
(132, 'damage', 'target0', '4', 0),
(133, 'damage', 'target0', '6', 0),
(134, 'spawn', 'emptylane', '255', 0),
(135, 'spawn', 'emptylane', '256', 0),
(136, 'spawn', 'emptylane', '257', 0),
(137, 'keyword', 'target0', 'Regenerate 2', 0),
(138, 'keyword', 'target0', 'Regenerate 4', 0),
(139, 'keyword', 'target0', 'Regenerate 8', 0),
(140, 'stats', 'target0', '+2/+2', 0),
(141, 'spawn', 'randomemptylane', '330', 0),
(142, 'spawn', 'randomemptylane', '331', 0),
(143, 'spawn', 'randomemptylane', '332', 0),
(144, 'stats', 'target0', '+2/+2', 0),
(145, 'stats', 'target0', '+3/+3', 0),
(146, 'stats', 'target0', '+6/+6', 0),
(147, 'keyword', 'target0', 'Poison 4', 0),
(148, 'keyword', 'target0', 'Poison 6', 0),
(149, 'keyword', 'target0', 'Poison 10', 0),
(150, 'destroy', 'target0', '', 0),
(151, 'stats', 'target0', '+4/+4', 0),
(152, 'stats', 'target0', '+8/+8', 0),
(153, 'stats', 'target0', '+12/+12', 0),
(154, 'keyword', 'target0', 'Poison 1', 0),
(155, 'keyword', 'target0', 'Poison 3', 0),
(156, 'keyword', 'target0', 'Poison 5', 0),
(157, 'Attackplus', 'self', 'variable.triggerobject.Attack', 0),
(158, 'damage', 'target0', 'variable.Damage', 0),
(159, 'damage', 'opponent', 'variable.Damage', 0),
(160, 'DiscardDownTo', 'owner', '2', 0),
(161, 'stats', 'target0', '+4/+0', 0),
(162, 'keyword', 'target0', 'Armor 4', 0),
(163, 'spawn', 'samelane', 'variable.self.CardId', 0),
(164, 'Addtrigger', 'self', '173', 1),
(165, 'stats', 'target0', '+1/+1', 0),
(166, 'stats', 'target0', '+2/+2', 0),
(167, 'stats', 'target0', '+4/+4', 0),
(168, 'stats', 'target0', '+3/+3', 0),
(169, 'Addtrigger', 'target0', '174', 0),
(170, 'Addtrigger', 'target0', '175', 0),
(171, 'Addtrigger', 'target0', '177', 0),
(172, 'heal', 'controller', 'variable.Damage', 0),
(173, 'stats', 'target0', '+3/+3', 0),
(174, 'stats', 'target0', '+6/+6', 0),
(175, 'stats', 'target0', '+12/+12', 0),
(176, 'stats', 'target0', '+5/+0', 0),
(177, 'stats', 'target0', '+10/+0', 0),
(178, 'stats', 'target0', '+15/+0', 0),
(179, 'keyword', 'target0', 'Free', 0),
(180, 'keyword', 'target0', 'Move 1', 0),
(181, 'keyword', 'target0', 'Move 2', 0),
(182, 'keyword', 'target0', 'Move 3', 0),
(183, 'stats', 'target0', '-1/-1', 0),
(184, 'stats', 'target0', '-2/-2', 0),
(185, 'stats', 'target0', '-3/-3', 0),
(186, 'draw', 'controller', '1', 0),
(187, 'draw', 'controller', '2', 0),
(188, 'draw', 'controller', '3', 0),
(189, 'stats', 'target0', '+7/+0', 1),
(190, 'stats', 'target0', '+11/+0', 1),
(191, 'stats', 'target0', '+15/+0', 1),
(192, 'stats', 'self', '+1/+1', 0),
(193, 'stats', 'self', '+2/+2', 0),
(194, 'stats', 'self', '+3/+3', 0),
(195, 'spawn', 'samelane', '318', 0),
(196, 'spawn', 'samelane', '315', 0),
(197, 'spawn', 'samelane', '320', 0),
(198, 'spawn', 'samelane', '120', 0),
(199, 'spawn', 'samelane', '121', 0),
(200, 'spawn', 'samelane', '122', 0),
(201, 'spawn', 'samelane', '418', 0),
(202, 'spawn', 'samelane', '417', 0),
(206, 'spawn', 'randomemptylane', '118', 0),
(207, 'spawn', 'randomemptylane', '105', 0),
(208, 'damage', 'controller', '3', 0),
(209, 'damage', 'target0', 'variable.firefisting', 0),
(210, 'stats', 'target0', '-3/-3', 1),
(211, 'stats', 'target0', '-5/-5', 1),
(212, 'stats', 'target0', '-7/-7', 1),
(213, 'damage', 'target0', '3', 0),
(214, 'stats', 'self', '+4/+4', 0),
(215, 'stats', 'self', '+8/+8', 0),
(216, 'stats', 'target0', '-4/-4', 0),
(217, 'stats', 'target0', '-6/-6', 0),
(218, 'keyword', 'target0', 'Breakthrough', 0),
(219, 'heal', 'controller', '5', 0),
(220, 'heal', 'controller', '10', 0),
(221, 'heal', 'controller', '15', 0),
(222, 'damage', 'target0', '8', 0),
(223, 'damage', 'target0', '12', 0),
(224, 'spawn', 'emptylane', '318', 0),
(225, 'spawn', 'emptylane', '315', 0),
(226, 'spawn', 'emptylane', '320', 0),
(227, 'stats', 'target0', '-12/-12', 0),
(228, 'keyword', 'target0', 'Regenerate 3', 0),
(229, 'keyword', 'target0', 'Regenerate 12', 0),
(230, 'Addtrigger', 'target0', '158', 0),
(231, 'Addtrigger', 'target0', '159', 0),
(232, 'Addtrigger', 'target0', '160', 0),
(233, 'Attackplus', 'target1', 'variable.target0.Attack', 0),
(234, 'stats', 'target0', '=0/+0', 0),
(235, 'stats', 'target1', '+2/+2', 0),
(236, 'stats', 'target1', '+4/+4', 0),
(237, 'stats', 'target1', '+8/+8', 0),
(238, 'stats', 'target0', '+8/+0', 0),
(239, 'keyword', 'target0', 'Armor 4', 0),
(240, 'stats', 'target0', '+16/+0', 0),
(241, 'keyword', 'target0', 'Armor 8', 0),
(242, 'stats', 'target0', '+0/+5', 0),
(243, 'stats', 'target0', '+0/+10', 0),
(244, 'stats', 'target0', '+0/+20', 0),
(245, 'stats', 'target0', '+0/+3', 0),
(247, 'stats', 'target0', '+9/+0', 0),
(248, 'stats', 'target0', '+0/+6', 0),
(249, 'level', 'target0', '', 0),
(250, 'levelinhand', 'target0', '', 0),
(251, 'keyword', 'target0', 'Poison 7', 0),
(252, 'keyword', 'target0', 'Poison 12', 0),
(253, 'keyword', 'target0', 'Poison 2', 0),
(254, 'replace', 'target0', '295', 0),
(255, 'replace', 'target0', '296', 0),
(256, 'spawn', 'emptylane', '294', 0),
(260, 'stats', 'self', '+6/+6', 0),
(261, 'Addtrigger', 'target0', '190', 0),
(262, 'Addtrigger', 'target0', '191', 0),
(263, 'Addtrigger', 'target0', '192', 0),
(264, 'stats', 'target0', '+4/+0', 1),
(265, 'stats', 'target0', '+8/+0', 1),
(266, 'stats', 'target0', '+12/+0', 1),
(267, 'stats', 'target0', '-5/+0', 0),
(268, 'stats', 'target0', '-10/+0', 0),
(269, 'stats', 'target0', '-15/+0', 0),
(270, 'heal', 'controller', '8', 0),
(271, 'heal', 'controller', '12', 0),
(272, 'heal', 'controller', '20', 0),
(273, 'replace', 'target0', '315', 0),
(274, 'keyword', 'target0', 'Defender', 0),
(275, 'damage', 'target0', '5', 0),
(276, 'damage', 'target0', '7', 0),
(277, 'keyword', 'target0', 'Armor 5', 1),
(278, 'keyword', 'target0', 'Armor 10', 1),
(279, 'keyword', 'target0', 'Armor 20', 1),
(280, 'stats', 'target0', '-4/+0', 1),
(281, 'stats', 'target0', '-8/+0', 1),
(282, 'stats', 'target0', '-12/+0', 1),
(283, 'stats', 'target0', '-5/-5', 0),
(284, 'stats', 'target0', '+1/+0', 1),
(285, 'stats', 'target0', '+2/+0', 1),
(286, 'stats', 'target0', '+4/+0', 1),
(287, 'keyword', 'target0', 'Aggressive', 1),
(288, 'stats', 'self', '+9/+9', 0),
(289, 'stats', 'target0', '+12/+0', 0),
(290, 'keyword', 'target0', 'Armor 6', 0),
(291, 'keyword', 'target0', 'Defender', 2),
(292, 'damage', 'target0', '10', 0),
(293, 'damage', 'target0', '20', 0),
(294, 'replace', 'target0', '321', 0),
(295, 'replace', 'target0', '322', 0),
(296, 'replace', 'target0', '323', 0),
(297, 'damage', 'target0', '1', 0),
(298, 'keyword', 'self', 'Defender', 1),
(299, 'keyword', 'self', 'Armor 2', 1),
(300, 'keyword', 'self', 'Armor 5', 1),
(301, 'keyword', 'self', 'Armor 10', 1),
(302, 'keyword', 'target0', 'Armor 15', 1),
(303, 'Negate', 'target0', 'Armor', 0),
(304, 'spawn', 'emptylane', '423', 0),
(305, 'spawn', 'emptylane', '424', 0),
(306, 'spawn', 'emptylane', '425', 0),
(307, 'damage', 'opponent', '1-4', 0),
(308, 'damage', 'opponent', '2-8', 0),
(309, 'damage', 'opponent', '4-12', 0),
(310, 'damage', 'opponent', '3-8', 0),
(311, 'damage', 'opponent', '7-13', 0),
(312, 'heal', 'controller', '1-4', 0),
(313, 'heal', 'controller', '3-8', 0),
(314, 'heal', 'controller', '7-13', 0),
(315, 'stats', 'self', '+3/+4', 0),
(316, 'stats', 'self', '+5/+7', 0),
(317, 'stats', 'self', '+8/+10', 0),
(318, 'keyword', 'self', 'Aggressive', 0),
(319, 'stats', 'self', '+4/+0', 0),
(320, 'stats', 'self', '+6/+0', 0),
(321, 'stats', 'self', '+8/+0', 0),
(322, 'keyword', 'self', 'Armor 2', 0),
(323, 'keyword', 'self', 'Armor 3', 0),
(324, 'keyword', 'self', 'Armor 4', 0),
(325, 'damage', 'opponent', '4', 0),
(326, 'damage', 'opponent', '7', 0),
(327, 'damage', 'opponent', '12', 0),
(328, 'heal', 'controller', '4', 0),
(329, 'heal', 'controller', '7', 0),
(330, 'heal', 'controller', '12', 0),
(331, 'ExtraBattleThisTurn', 'target0', '1', 0),
(332, 'Attackplus', 'target1', 'variable.target0.Attack', 0),
(333, 'Healthplus', 'target1', 'variable.target0.Health', 0),
(334, 'destroy', 'target0', '', 0),
(335, 'move', 'emptylane', '', 0),
(336, 'spawn', 'randomemptylane', 'target0', 0),
(337, 'keyword', 'target0', 'Aggressive', 0),
(338, 'destroy', 'target1', '', 0),
(339, 'damage', 'opponent', 'variable.target0.Attack', 0),
(340, 'heal', 'controller', 'variable.target0.Attack', 0),
(341, 'damage', 'opponent', '1-8', 0),
(342, 'damage', 'opponent', '1-15', 0),
(343, 'damage', 'opponent', '1-25', 0),
(344, 'replace', 'self', '173', 0),
(345, 'spawn', 'samelane', '172', 0),
(346, 'stats', 'self', '+14/+14', 0),
(347, 'stats', 'target1', '-3/+0', 0),
(348, 'stats', 'target1', '-5/+0', 0),
(349, 'stats', 'target1', '-9/+0', 0),
(350, 'damage', 'opponent', '2', 0),
(351, 'damage', 'opponent', '3', 0),
(352, 'damage', 'opponent', '5', 0),
(354, 'stats', 'self', '+80/+80', 0),
(356, 'heal', 'target0', '6', 0),
(357, 'heal', 'target0', '12', 0),
(358, 'heal', 'target0', '24', 0),
(359, 'Addtrigger', 'target0', '287', 0),
(360, 'Addtrigger', 'target0', '288', 0),
(361, 'Addtrigger', 'target0', '289', 0),
(362, 'keyword', 'target0', 'Breakthrough', 1),
(363, 'Addtrigger', 'target0', '198', 0),
(364, 'Addtrigger', 'target0', '199', 0),
(365, 'Addtrigger', 'target0', '200', 0),
(366, 'destroy', 'target1', '', 0),
(367, 'drag', 'target0', 'target1', 0),
(368, 'stats', 'target0', '-3/-3', 0),
(369, 'stats', 'target0', '-6/-6', 0),
(370, 'stats', 'target0', '-9/-9', 0),
(371, 'damage', 'opponent', '2', 0),
(372, 'damage', 'opponent', '3', 0),
(373, 'damage', 'opponent', '4', 0),
(374, 'statplus', 'target0', 'builtin.nekriuminhand', 0),
(375, 'Attackplus', 'target0', 'variable.cardsinhand', 0),
(376, 'DiscardDownTo', 'owner', '0', 0),
(377, 'stats', 'target0', '-4/-0', 0),
(378, 'stats', 'target0', '-6/-0', 0),
(379, 'stats', 'target0', '-8/-0', 0),
(380, 'stats', 'target0', '+1/+1', 0),
(381, 'stats', 'target0', '+2/+2', 0),
(382, 'stats', 'target0', '+3/+3', 0),
(383, 'damage', 'target0', '2', 0),
(384, 'damage', 'target0', '4', 0),
(385, 'damage', 'target0', '6', 0),
(386, 'keyword', 'self', 'Breakthrough', 0),
(387, 'stats', 'target0', '-20/+0', 0),
(388, 'stats', 'self', '+2/+0', 0),
(389, 'stats', 'self', '+7/+0', 1),
(390, 'damage', 'target1', 'variable.armor', 0),
(391, 'replace', 'target0', '243', 0),
(392, 'destroy', 'target1', '', 0),
(393, 'destroy', 'target2', '', 0),
(394, 'destroy', 'target3', '', 0),
(395, 'destroy', 'target4', '', 0),
(396, 'stats', 'target1', '-2/-2', 0),
(397, 'stats', 'target1', '-4/-4', 0),
(398, 'stats', 'target1', '-6/-6', 0),
(399, 'stats', 'target1', '+2/+2', 0),
(400, 'stats', 'target1', '+4/+4', 0),
(401, 'stats', 'target1', '+6/+6', 0),
(402, 'stats', 'target1', '-5/-0', 0),
(403, 'stats', 'target1', '-10/-0', 0),
(404, 'stats', 'target1', '-20/-0', 0),
(405, 'Attackplus', 'target0', 'variable.Damage', 0),
(406, 'keyword', 'self', 'Armor 1', 0),
(407, 'spawn', 'emptylane', '322', 0),
(408, 'keyword', 'self', 'Armor 7', 0),
(409, 'damage', 'target0', '9', 0),
(410, 'damage', 'opponent', '9', 0),
(411, 'heal', 'controller', '2-8', 0),
(412, 'heal', 'controller', '4-12', 0),
(413, 'heal', 'controller', '1-10', 0),
(414, 'heal', 'controller', '1-20', 0),
(415, 'heal', 'controller', '1-40', 0),
(416, 'keyword', 'self', 'Move 3', 0),
(417, 'keyword', 'self', 'Regenerate 5', 0),
(418, 'statplus', 'target0', 'builtin.uterrainhand', 0),
(419, 'statplus', 'target0', 'builtin.alloyininhand', 0),
(420, 'statplus', 'target0', 'builtin.tempysinhand', 0),
(421, 'damage', 'target0', 'variable.fireattack', 0),
(422, 'stats', 'target0', '-7/-7', 0),
(423, 'Attackplus', 'target0', 'variable.target0.Attack', 0),
(424, 'drawspecific', 'target0', 'target0.CardType.Spell', 0),
(425, 'Attackplus', 'self', 'variable.target0.Attack', 0),
(426, 'level', 'target0', '', 0),
(427, 'level', 'target1', '', 0),
(428, 'destroy', 'target0', '', 0),
(429, 'Addtrigger', 'target0', '371', 0),
(430, 'extraplay', 'currentplayer', '1', 0),
(431, 'statplus', 'target0', 'variable.numcreature', 0),
(432, 'damage', 'target0', '1', 0),
(433, 'keyword', 'target1', 'Free', 0),
(434, 'damage', 'target0', '2', 0),
(435, 'damage', 'target0', '4', 0),
(436, 'damage', 'target0', 'variable.numcreature', 0),
(437, 'damage', 'target0', 'variable.Damage', 0),
(438, 'Attackplus', 'target0', 'variable.target0.Attack', 1),
(439, 'Silence', 'target0', '', 0),
(440, 'stats', 'target0', '+3/+3', 0),
(441, 'stats', 'target0', '+5/+5', 0),
(442, 'stats', 'target0', '+7/+7', 0);

-- --------------------------------------------------------

--
-- Table structure for table `static`
--

CREATE TABLE `static` (
  `id` int NOT NULL,
  `conditional` int NOT NULL,
  `effect` int NOT NULL,
  `target` varchar(255) NOT NULL,
  `targetindex` int NOT NULL,
  `zone` enum('play','graveyard','hand','') CHARACTER SET utf8mb4 COLLATE utf8mb4_0900_ai_ci NOT NULL DEFAULT 'play'
) ENGINE=InnoDB DEFAULT CHARSET=utf8mb4 COLLATE=utf8mb4_0900_ai_ci;

--
-- Dumping data for table `static`
--

INSERT INTO `static` (`id`, `conditional`, `effect`, `target`, `targetindex`, `zone`) VALUES
(4, 40, 105, 'others', 41, 'play'),
(5, 40, 106, 'others', 41, 'play'),
(6, 40, 107, 'others', 41, 'play'),
(7, 50, 116, 'others', 51, 'play'),
(8, 50, 117, 'others', 51, 'play'),
(9, 50, 118, 'others', 51, 'play'),
(10, 40, 125, 'others', 51, 'play'),
(11, 40, 126, 'others', 51, 'play'),
(12, 40, 127, 'others', 51, 'play'),
(13, 40, 137, 'others', 55, 'play'),
(14, 40, 138, 'others', 55, 'play'),
(15, 40, 139, 'others', 55, 'play'),
(16, 61, 161, 'self', 0, 'play'),
(17, 61, 162, 'self', 0, 'play'),
(18, 61, 238, 'self', 0, 'play'),
(19, 61, 239, 'self', 0, 'play'),
(20, 61, 240, 'self', 0, 'play'),
(21, 61, 241, 'self', 0, 'play'),
(22, 50, 315, 'self', 0, 'play'),
(23, 50, 316, 'self', 0, 'play'),
(24, 50, 317, 'self', 0, 'play'),
(25, 99, 318, 'self', 0, 'play'),
(26, 100, 319, 'self', 0, 'play'),
(27, 100, 320, 'self', 0, 'play'),
(28, 100, 321, 'self', 0, 'play'),
(29, 101, 322, 'self', 0, 'play'),
(30, 102, 323, 'self', 0, 'play'),
(31, 103, 324, 'self', 0, 'play'),
(32, 116, 214, 'self', 0, 'play'),
(33, 116, 215, 'self', 0, 'play'),
(34, 116, 354, 'self', 0, 'play'),
(35, 132, 386, 'self', 0, 'play'),
(36, 133, 386, 'self', 0, 'play'),
(37, 134, 386, 'self', 0, 'play'),
(38, 136, 388, 'self', 0, 'play'),
(39, 136, 319, 'self', 0, 'play'),
(40, 136, 389, 'self', 0, 'play'),
(41, 100, 388, 'self', 0, 'play'),
(42, 100, 319, 'self', 0, 'play'),
(43, 100, 320, 'self', 0, 'play'),
(44, 101, 416, 'self', 0, 'play'),
(45, 102, 416, 'self', 0, 'play'),
(46, 102, 300, 'self', 0, 'play'),
(47, 103, 416, 'self', 0, 'play'),
(48, 103, 300, 'self', 0, 'play'),
(49, 103, 417, 'self', 0, 'play'),
(50, 103, 318, 'self', 0, 'play'),
(51, 103, 386, 'self', 0, 'play');

-- --------------------------------------------------------

--
-- Table structure for table `targets`
--

CREATE TABLE `targets` (
  `targetid` int NOT NULL,
  `text` varchar(255) NOT NULL,
  `targettype` enum('Creature','Creatureorplayer','lane','controller','cardinhand') CHARACTER SET utf8mb4 COLLATE utf8mb4_0900_ai_ci NOT NULL,
  `Selector` enum('None','All','Player','Random') CHARACTER SET utf8mb4 COLLATE utf8mb4_0900_ai_ci NOT NULL DEFAULT 'Player',
  `maxtargets` int NOT NULL,
  `mintargets` int NOT NULL,
  `target1var` varchar(255) NOT NULL,
  `target1compare` varchar(3) NOT NULL,
  `target1target` varchar(255) NOT NULL,
  `target2var` varchar(255) NOT NULL,
  `target2compare` varchar(3) NOT NULL,
  `target2target` varchar(255) NOT NULL,
  `target3var` varchar(255) NOT NULL,
  `target3compare` varchar(5) NOT NULL,
  `target3target` varchar(255) NOT NULL,
  `variablename` varchar(255) NOT NULL,
  `variablevalue` varchar(255) NOT NULL
) ENGINE=InnoDB DEFAULT CHARSET=utf8mb4 COLLATE=utf8mb4_0900_ai_ci;

--
-- Dumping data for table `targets`
--

INSERT INTO `targets` (`targetid`, `text`, `targettype`, `Selector`, `maxtargets`, `mintargets`, `target1var`, `target1compare`, `target1target`, `target2var`, `target2compare`, `target2target`, `target3var`, `target3compare`, `target3target`, `variablename`, `variablevalue`) VALUES
(39, 'Choose a friendly creature', 'Creature', 'Player', 1, 1, '', '', '', '', '', '', '', '', '', '', ''),
(40, '', 'Creature', 'Player', 2, 0, 'value.1', '=', 'value.1', '', '', '', '', '', '', '', ''),
(41, '', 'lane', 'Player', 1, 1, 'variable.distance', '=', 'value.1', 'self.owner', '=', 'target.owner', '', '', '', '', ''),
(42, 'Choose lane to move to', 'lane', 'Player', 1, 1, 'variable.distance', '=', 'value.1', 'variable.empty', '=', 'value.1', 'variable.friendly', '=', 'value.1', '', ''),
(43, 'Choose lane to move to', 'lane', 'Player', 1, 1, 'variable.distance', '<=', 'value.2', 'variable.empty', '=', 'value.1', 'variable.friendly', '=', 'value.1', '', ''),
(44, 'Choose lane to move to', 'lane', 'Player', 1, 1, 'variable.distance', '<=', 'value.3', 'variable.empty', '=', 'value.1', 'variable.friendly', '=', 'value.1', '', ''),
(45, 'Choose lane to move to', 'lane', 'Player', 1, 1, 'variable.distance', '<=', 'value.4', 'variable.empty', '=', 'value.1', 'variable.friendly', '=', 'value.1', '', ''),
(46, 'Choose a enemy creature', 'Creature', 'Player', 1, 1, 'target.owner', '!=', 'self.owner', 'target.level', '<=', 'value.1', '', '', '', '', ''),
(47, 'Choose a enemy creature', 'Creature', 'Player', 1, 1, 'target.owner', '!=', 'self.owner', 'target.level', '<=', 'value.2', '', '', '', '', ''),
(48, 'Choose a friendly creature', 'Creature', 'Player', 1, 1, 'self.owner', '=', 'target.owner', '', '', '', '', '', '', '', ''),
(49, '', 'Creature', 'None', 0, 0, '', '', '', '', '', '', '', '', '', '', ''),
(50, '', 'Creature', 'None', 1, 1, 'self.lane', '=', 'value.3', '', '', '', '', '', '', '', ''),
(51, 'Choose a friendly creature', 'Creature', 'Player', 1, 1, 'self.owner', '=', 'target.owner', 'self.id', '!=', 'target.id', '', '', '', '', ''),
(52, 'Choose a friendly creature', 'Creature', 'Player', 1, 1, 'self.owner', '=', 'target.owner', '', '', '', '', '', '', '', ''),
(53, 'Target an enemy creature', 'Creature', 'Player', 1, 1, 'self.owner', '!=', 'target.owner', '', '', '', '', '', '', '', ''),
(54, 'Choose an empty lane', 'lane', 'Player', 1, 1, 'variable.empty', '=', 'value.1', 'variable.friendly', '=', 'value.1', '', '', '', '', ''),
(55, 'Choose a friendly creature', 'Creature', 'Player', 1, 1, 'self.owner', '=', 'target.owner', 'self.id', '!=', 'target.id', 'target.subtype', 'con', 'value.Zombie', '', ''),
(56, '', 'Creature', 'All', 4, 0, 'self.owner', '=', 'target.owner', 'target.Attack', '<=', 'value.3', '', '', '', '', ''),
(57, '', 'Creature', 'All', 4, 0, 'self.owner', '=', 'target.owner', 'target.Attack', '<=', 'value.5', '', '', '', '', ''),
(58, '', 'Creature', 'All', 4, 0, 'self.owner', '=', 'target.owner', 'target.Attack', '<=', 'value.7', '', '', '', '', ''),
(59, '', 'Creature', 'All', 5, 1, 'self.owner', '=', 'target.owner', '', '', '', '', '', '', '', ''),
(60, '', 'Creature', 'All', 5, 1, 'self.owner', '!=', 'target.owner', '', '', '', '', '', '', '', ''),
(61, '', 'Creature', 'Player', 2, 0, 'self.lanesfilled', '=', 'value.1', '', '', '', '', '', '', '', ''),
(62, 'Choose a friendly creature', 'Creature', 'Player', 1, 1, 'self.owner', '=', 'target.owner', 'target.level', '=', 'value.1', '', '', '', '', ''),
(63, 'Choose a friendly creature', 'Creature', 'Player', 1, 1, 'self.owner', '=', 'target.owner', 'target.level', '<=', 'value.2', '', '', '', '', ''),
(64, 'Choose a friendly creature', 'Creature', 'Player', 1, 1, 'self.owner', '=', 'target.owner', '', '', '', '', '', '', '', ''),
(65, 'Choose a Robot in Hand', 'cardinhand', 'Player', 1, 1, 'target.subtype', 'con', 'value.Robot', 'target.level', '=', 'value.1', '', '', '', '', ''),
(66, 'Choose a Robot in Hand', 'cardinhand', 'Player', 1, 1, 'target.subtype', 'con', 'value.Robot', 'target.level', '<=', 'value.2', '', '', '', '', ''),
(67, 'Choose a Robot in Hand', 'cardinhand', 'Player', 1, 1, 'target.subtype', 'con', 'value.Robot', '', '', '', '', '', '', '', ''),
(68, '', 'controller', 'None', 0, 0, '', '', '', '', '', '', '', '', '', '', ''),
(70, '%name% buffs Uterra creatures', 'Creature', 'All', 4, 0, 'self.owner', '=', 'target.owner', 'self.id', '!=', 'target.id', 'target.Faction', 'eq', 'value.Uterra', '', ''),
(71, 'Target an enemy creature', 'Creature', 'Player', 1, 1, 'self.owner', '!=', 'target.owner', '', '', '', '', '', '', 'firefisting', 'self.Attack'),
(72, '', 'Creature', 'All', 5, 0, 'self.owner', '!=', 'target.owner', '', '', '', '', '', '', 'fireattack', 'self.Attack'),
(73, 'Target a creature', 'Creature', 'Player', 1, 1, 'target.level', '<=', 'value.1', '', '', '', '', '', '', '', ''),
(74, 'Target a creature', 'Creature', 'Player', 1, 1, 'target.level', '<=', 'value.2', '', '', '', '', '', '', '', ''),
(75, 'Target a creature', 'Creature', 'Player', 1, 1, '', '', '', '', '', '', '', '', '', '', ''),
(76, 'Target a creature', 'Creature', 'Player', 1, 1, 'target.Attack', '<=', 'value.4', '', '', '', '', '', '', '', ''),
(77, 'Target a creature', 'Creature', 'Player', 1, 1, 'target.Attack', '<=', 'value.8', '', '', '', '', '', '', '', ''),
(78, 'Target a creature', 'Creature', 'Player', 1, 1, 'target.Attack', '<=', 'value.14', '', '', '', '', '', '', '', ''),
(79, 'Target an enemy creature', 'Creature', 'Player', 1, 1, 'self.owner', '!=', 'target.owner', 'target.Attack', '<=', 'value.1', '', '', '', '', ''),
(80, 'Target an enemy creature', 'Creature', 'Player', 1, 1, 'self.owner', '!=', 'target.owner', 'target.Attack', '<=', 'value.4', '', '', '', '', ''),
(81, 'Target an enemy creature', 'Creature', 'Player', 1, 1, 'self.owner', '!=', 'target.owner', 'target.Attack', '<=', 'value.7', '', '', '', '', ''),
(82, '', 'Creatureorplayer', 'Player', 1, 1, '', '', '', '', '', '', '', '', '', '', ''),
(83, '', 'lane', 'All', 10, 0, 'variable.empty', '=', 'value.1', '', '', '', '', '', '', '', ''),
(84, '', 'lane', 'All', 5, 0, 'variable.friendly', '=', 'value.1', 'variable.empty', '=', 'value.1', '', '', '', '', ''),
(85, '', 'Creature', 'All', 1, 1, 'self.lane', '=', 'target.lane', 'self.id', '!=', 'target.id', '', '', '', '', ''),
(86, '', 'Creature', 'Player', 1, 1, 'self.id', '=', 'target.id', '', '', '', '', '', '', '', ''),
(87, '', 'Creature', 'Player', 1, 1, 'self.id', '!=', 'target.id', '', '', '', '', '', '', '', ''),
(88, '', 'cardinhand', 'Player', 1, 1, '', '', '', '', '', '', '', '', '', '', ''),
(89, 'Choose lane to spawn', 'lane', 'Player', 1, 1, 'variable.distance', '=', 'value.1', 'variable.empty', '=', 'value.1', 'variable.friendly', '=', 'value.1', '', ''),
(90, 'Target an enemy creature', 'Creature', 'Player', 1, 1, 'self.owner', '!=', 'target.owner', 'target.level', '<=', 'value.1', '', '', '', '', ''),
(91, 'Target an enemy creature', 'Creature', 'Player', 1, 1, 'self.owner', '!=', 'target.owner', 'target.level', '<=', 'value.2', '', '', '', '', ''),
(92, '', 'Creature', 'All', 10, 0, '', '', '', '', '', '', '', '', '', '', ''),
(93, '', 'Creature', 'Player', 1, 1, 'self.owner', '=', 'target.owner', 'target.subtype', 'con', 'value.Robot', '', '', '', '', ''),
(94, '', 'Creature', 'Player', 1, 1, 'self.owner', '=', 'target.owner', 'target.subtype', 'con', 'value.Plant', '', '', '', '', ''),
(95, '', 'Creature', 'All', 5, 1, 'self.owner', '=', 'target.owner', 'target.subtype', 'con', 'value.Robot', '', '', '', '', ''),
(96, '', 'lane', 'Player', 1, 0, 'variable.distance', '=', 'value.1', 'variable.friendly', '=', 'value.1', 'variable.empty', '=', 'value.1', '', ''),
(97, '', 'lane', 'All', 4, 0, '', '', '', 'variable.friendly', '=', 'value.1', 'variable.empty', '=', 'value.1', '', ''),
(98, '', 'controller', 'None', 0, 0, '', '', '', '', '', '', '', '', '', '', ''),
(99, '', 'Creature', 'None', 1, 1, 'self.opposed', '=', 'value.1', '', '', '', '', '', '', '', ''),
(100, '', 'Creature', 'None', 1, 1, 'self.opposed', '=', 'value.0', '', '', '', '', '', '', '', ''),
(101, '', 'Creature', 'None', 1, 1, 'self.Attack', '>=', 'value.5', '', '', '', '', '', '', '', ''),
(102, '', 'Creature', 'None', 1, 1, 'self.Attack', '>=', 'value.10', '', '', '', '', '', '', '', ''),
(103, '', 'Creature', 'None', 1, 1, 'self.Attack', '>=', 'value.20', '', '', '', '', '', '', '', ''),
(104, '', 'Creature', 'Player', 1, 1, 'self.owner', '=', 'target.owner', 'target.lane', '=', 'value.3', '', '', '', '', ''),
(105, '', 'Creatureorplayer', 'Player', 1, 1, '', '', '', '', '', '', '', '', '', '', ''),
(106, '', 'Creature', 'All', 5, 0, 'target.owner', '=', 'self.owner', '', '', '', '', '', '', '', ''),
(107, 'Choose lane to spawn', 'lane', 'Player', 1, 1, 'variable.distance', '=', 'value.1', 'variable.empty', '=', 'value.0', 'variable.friendly', '=', 'value.1', '', ''),
(108, '', 'Creature', 'Player', 1, 1, 'self.lanesfilled', '=', 'value.5', 'target.owner', '!=', 'self.owner', 'target.level', '=', 'value.1', '', ''),
(109, '', 'Creature', 'Player', 1, 1, 'self.lanesfilled', '=', 'value.5', 'target.owner', '!=', 'self.owner', 'target.level', '<=', 'value.2', '', ''),
(110, '', 'Creature', 'Player', 1, 1, 'self.lanesfilled', '=', 'value.5', 'target.owner', '!=', 'self.owner', '', '', '', '', ''),
(111, '', 'Creature', 'Random', 1, 1, 'target.zone', 'eq', 'value.graveyard', 'target.CardType', 'eq', 'value.Creature', '', '', '', '', ''),
(112, '', 'Creature', 'Player', 1, 1, 'variable.distance', '=', 'value.1', 'self.owner', '=', 'target.owner', 'target.level', '<=', 'value.1', '', ''),
(113, '', 'Creature', 'Player', 1, 1, 'variable.distance', '=', 'value.1', 'self.owner', '=', 'target.owner', 'target.level', '<=', 'value.2', '', ''),
(114, '', 'Creature', 'Player', 1, 1, 'variable.distance', '=', 'value.1', 'self.owner', '=', 'target.owner', '', '', '', '', ''),
(115, '', 'Creature', 'All', 10, 0, 'target.Faction', 'ne', 'value.Tempys', '', '', '', '', '', '', '', ''),
(116, '', 'Creature', 'None', 1, 1, 'self.controller.life', '>=', 'value.121', '', '', '', '', '', '', '', ''),
(117, '', 'Creature', 'All', 1, 1, 'self.lane', '=', 'target.lane', 'self.id', '!=', 'target.id', 'target.level', '<=', 'value.1', '', ''),
(118, '', 'Creature', 'All', 1, 1, 'self.lane', '=', 'target.lane', 'self.id', '!=', 'target.id', 'target.level', '<=', 'value.2', '', ''),
(119, '', 'Creature', 'None', 1, 1, 'self.lane', '=', 'target.lane', 'self.id', '!=', 'target.id', '', '', '', '', ''),
(120, '', 'lane', 'Player', 1, 1, 'variable.distance', '=', 'value.1', 'variable.friendly', '=', 'value.1', '', '', '', '', ''),
(121, 'Choose a friendly creature', 'Creature', 'Player', 1, 1, 'self.owner', '=', 'target.owner', 'target.id', '!=', 'self.id', 'target.level', '<=', 'value.1', '', ''),
(122, 'Choose a friendly creature', 'Creature', 'Player', 1, 1, 'self.owner', '=', 'target.owner', 'target.id', '!=', 'self.id', 'target.level', '<=', 'value.2', '', ''),
(123, 'Choose a friendly creature', 'Creature', 'Player', 1, 1, 'self.owner', '=', 'target.owner', 'target.id', '!=', 'self.id', '', '', '', '', ''),
(124, 'Choose an enemy creature', 'Creature', 'Player', 1, 1, 'target.owner', '!=', 'self.owner', '', '', '', '', '', '', '', ''),
(125, 'Choose a lane', 'lane', 'Player', 1, 1, 'variable.friendly', '=', 'value.0', 'variable.empty', '=', 'value.1', '', '', '', '', ''),
(126, '', 'Creature', 'All', 1, 1, 'self.lane', '=', 'target.lane', 'self.id', '!=', 'target.id', '', '', '', '', ''),
(127, '', 'Creature', 'All', 5, 1, 'target.owner', '=', 'self.owner', 'target.subtype', 'con', 'value.metamind', '', '', '', 'cardsinhand', 'self.cardsinhand'),
(128, '', 'Creature', 'Random', 1, 1, 'target.lowestinplay.Attack', '=', 'target.Attack', '', '', '', '', '', '', '', ''),
(129, '', 'Creature', 'Random', 1, 1, 'target.lowestenemy.Attack', '=', 'target.Attack', '', '', '', '', '', '', '', ''),
(130, '', 'Creature', 'All', 5, 1, 'target.owner', '!=', 'self.owner', '', '', '', '', '', '', '', ''),
(131, '', 'lane', 'Random', 1, 1, 'variable.friendly', '=', 'value.1', 'variable.empty', '=', 'value.1', '', '', '', '', ''),
(132, '', 'Creature', 'None', 1, 1, 'self.Attack', '>=', 'value.7', '', '', '', '', '', '', '', ''),
(133, '', 'Creature', 'None', 1, 1, 'self.Attack', '>=', 'value.14', '', '', '', '', '', '', '', ''),
(134, '', 'Creature', 'None', 1, 1, 'self.Attack', '>=', 'value.21', '', '', '', '', '', '', '', ''),
(135, '', 'Creature', 'None', 1, 1, 'self.owner', '=', 'target.owner', 'variable.Forged', '=', 'value.0', '', '', '', '', ''),
(136, '', 'Creature', 'None', 1, 1, '', '', '', 'self.keyword.Armor', '>=', 'value.1', '', '', '', '', ''),
(137, '', 'Creature', 'None', 1, 1, 'self.owner', '!=', 'target.owner', 'variable.Forged', '=', 'value.0', '', '', '', '', ''),
(138, '', 'Creature', 'Player', 1, 1, 'self.owner', '=', 'target.owner', '', '', '', '', '', '', 'armor', 'target.keyword.Armor'),
(139, 'Choose a creature in hand', 'cardinhand', 'Player', 1, 1, 'target.level', '=', 'value.1', 'target.CardType', 'eq', 'value.Creature', '', '', '', '', ''),
(140, 'Choose a creature in hand', 'cardinhand', 'Player', 1, 1, 'target.level', '<=', 'value.2', 'target.CardType', 'eq', 'value.Creature', '', '', '', '', ''),
(141, 'Choose a spell in hand', 'cardinhand', 'Player', 1, 1, 'target.level', '=', 'value.1', 'target.CardType', 'eq', 'value.Spell', '', '', '', '', ''),
(142, 'Choose a spell in hand', 'cardinhand', 'Player', 1, 1, 'target.level', '<=', 'value.2', 'target.CardType', 'eq', 'value.Spell', '', '', '', '', ''),
(143, 'Select 5 Friendly Robot Guardians', 'Creature', 'Player', 5, 5, 'target.subtype', 'con', 'value.Robot Guardian', 'target.owner', '=', 'self.owner', '', '', '', '', ''),
(144, 'Choose a friendly zombie', 'Creature', 'Player', 1, 1, 'self.owner', '=', 'target.owner', '', '', '', 'target.subtype', 'con', 'value.Zombie', '', ''),
(145, 'Choose an enemy non-zombie', 'Creature', 'Player', 1, 1, 'self.owner', '!=', 'target.owner', '', '', '', 'target.subtype', 'ncon', 'value.Zombie', '', ''),
(146, 'Choose a spell in hand', 'cardinhand', 'Player', 1, 0, 'target.CardType', 'eq', 'value.Spell', '', '', '', '', '', '', '', ''),
(147, '', 'Creature', 'Player', 1, 1, 'target.Faction', 'eq', 'value.Alloyin', '', '', '', '', '', '', '', ''),
(148, '', 'Creature', 'All', 10, 0, 'target.Attack', '<=', 'value.1', '', '', '', '', '', '', '', ''),
(149, '', 'Creature', 'Random', 1, 1, 'self.owner', '!=', 'target.owner', 'target.level', '<=', 'value.2', '', '', '', '', ''),
(150, '', 'Creature', 'Random', 1, 1, 'self.owner', '!=', 'target.owner', '', '', '', '', '', '', '', ''),
(151, '', 'Creature', 'Random', 1, 1, 'target.zone', 'eq', 'value.graveyard', 'target.CardType', 'eq', 'value.Spell', 'target.level', '<=', 'value.1', '', ''),
(152, '', 'Creature', 'Random', 1, 1, 'target.zone', 'eq', 'value.graveyard', 'target.CardType', 'eq', 'value.Spell', 'target.level', '<=', 'value.2', '', ''),
(153, '', 'Creature', 'Random', 1, 1, 'target.zone', 'eq', 'value.graveyard', 'target.CardType', 'eq', 'value.Spell', '', '', '', '', ''),
(154, 'Choose cards to level up', 'cardinhand', 'Player', 2, 2, 'self.id', '!=', 'target.id', '', '', '', '', '', '', '', ''),
(155, 'Choose a creature', 'Creature', 'Player', 1, 1, 'target.level', '<=', 'value.1', '', '', '', '', '', '', '', ''),
(156, 'Choose a creature', 'Creature', 'Player', 1, 1, 'target.level', '<=', 'value.2', '', '', '', '', '', '', '', ''),
(157, 'Choose a creature', 'Creature', 'Player', 1, 1, '', '', '', '', '', '', '', '', '', '', ''),
(158, '', 'Creature', 'Player', 1, 1, 'self.owner', '=', 'target.owner', '', '', '', '', '', '', 'numcreature', 'self.lanesfilled'),
(159, '', 'cardinhand', 'Player', 1, 1, 'target.CardType', 'eq', 'value.Spell', 'target.level', '<=', 'value.1', '', '', '', '', ''),
(160, '', 'cardinhand', 'Player', 1, 1, 'target.CardType', 'eq', 'value.Spell', 'target.level', '<=', 'value.2', '', '', '', '', ''),
(161, '', 'cardinhand', 'Player', 1, 1, 'target.CardType', 'eq', 'value.Spell', '', '', '', '', '', '', '', ''),
(162, '', 'cardinhand', 'Player', 1, 1, '', '', '', 'target.level', '<=', 'value.1', '', '', '', '', ''),
(163, '', 'Creature', 'All', 5, 1, 'self.owner', '!=', 'target.owner', '', '', '', '', '', '', 'numcreature', 'self.lanesfilled'),
(164, '', 'Creature', 'Player', 1, 1, 'self.owner', '=', 'target.owner', 'variable.distance', '==', 'value.1', '', '', '', 'targetattack', 'target.Attack'),
(165, '', 'Creature', 'All', 1, 1, 'self.owner', '=', 'target.owner', 'variable.distance', '==', 'value.1', '', '', '', 'targetattack', 'target.Attack'),
(166, '', 'Creature', 'All', 1, 1, 'self.owner', '=', 'target.owner', 'self.id', '!=', 'target.id', '', '', '', '', ''),
(167, '', 'Creature', 'Player', 1, 1, 'taget.level', '<=', 'value.2', '', '', '', '', '', '', '', ''),
(168, '', 'Creature', 'None', 5, 1, 'target.Attack', '<=', 'value.3', 'target.owner', '!=', 'self.owner', '', '', '', '', ''),
(169, '', 'Creature', 'None', 5, 1, 'target.Attack', '<=', 'value.5', 'target.owner', '!=', 'self.owner', '', '', '', '', ''),
(170, '', 'Creature', 'None', 5, 1, 'target.Attack', '<=', 'value.7', 'target.owner', '!=', 'self.owner', '', '', '', '', '');

-- --------------------------------------------------------

--
-- Table structure for table `triggers`
--

CREATE TABLE `triggers` (
  `triggerid` int UNSIGNED NOT NULL,
  `log` varchar(255) NOT NULL,
  `type` varchar(255) NOT NULL,
  `zone` enum('play','graveyard','discard','deck','hand') NOT NULL DEFAULT 'play',
  `oneshot` tinyint NOT NULL DEFAULT '0',
  `targettype` enum('single','self','allcards','cardinhand','all','secondobject','multi','default') CHARACTER SET utf8mb4 COLLATE utf8mb4_0900_ai_ci NOT NULL,
  `targetindex` int NOT NULL DEFAULT '0',
  `targetindexes` varchar(255) NOT NULL,
  `trigger1` varchar(255) NOT NULL,
  `compare1` varchar(5) NOT NULL,
  `target1` varchar(255) NOT NULL,
  `trigger2` varchar(255) NOT NULL,
  `compare2` varchar(5) NOT NULL,
  `target2` varchar(255) NOT NULL,
  `trigger3` varchar(255) NOT NULL,
  `compare3` varchar(10) NOT NULL,
  `target3` varchar(255) NOT NULL,
  `trigger4` varchar(255) CHARACTER SET utf8mb4 COLLATE utf8mb4_0900_ai_ci NOT NULL,
  `compare4` varchar(5) NOT NULL,
  `target4` varchar(255) NOT NULL,
  `effecttype` varchar(255) CHARACTER SET utf8mb4 COLLATE utf8mb4_0900_ai_ci NOT NULL DEFAULT 'neweffect',
  `effecttarget` varchar(255) NOT NULL,
  `effectmod1` varchar(255) NOT NULL,
  `effectindexes` varchar(255) NOT NULL
) ENGINE=InnoDB DEFAULT CHARSET=utf8mb4 COLLATE=utf8mb4_0900_ai_ci;

--
-- Dumping data for table `triggers`
--

INSERT INTO `triggers` (`triggerid`, `log`, `type`, `zone`, `oneshot`, `targettype`, `targetindex`, `targetindexes`, `trigger1`, `compare1`, `target1`, `trigger2`, `compare2`, `target2`, `trigger3`, `compare3`, `target3`, `trigger4`, `compare4`, `target4`, `effecttype`, `effecttarget`, `effectmod1`, `effectindexes`) VALUES
(115, '%name% triggers', 'Creaturetrained', 'play', 0, 'single', 39, '', 'self.id', '==', 'target.id', 'variable.Forged', '==', 'value.1', '', '', '', '', '', '', 'neweffect', '', '', '102'),
(116, '%name% triggers', 'Creaturetrained', 'play', 0, 'single', 39, '', 'self.id', '==', 'target.id', 'variable.Forged', '==', 'value.1', '', '', '', '', '', '', 'neweffect', '', '', '103'),
(117, '%name% triggers', 'Creaturetrained', 'play', 0, 'single', 39, '', 'self.id', '==', 'target.id', 'variable.Forged', '==', 'value.1', '', '', '', '', '', '', 'neweffect', '', '', '104'),
(118, '%name% triggers', 'Creaturetrained', 'play', 0, 'single', 46, '', 'self.id', '==', 'target.id', 'variable.Forged', '==', 'value.1', '', '', '', '', '', '', 'neweffect', '', '', '109'),
(119, '%name% triggers', 'Creaturetrained', 'play', 0, 'single', 47, '', 'self.id', '==', 'target.id', 'variable.Forged', '==', 'value.1', '', '', '', '', '', '', 'neweffect', '', '', '109'),
(120, '%name% triggers', 'Creaturetrained', 'play', 0, 'single', 48, '', 'self.id', '==', 'target.id', 'variable.Forged', '==', 'value.1', '', '', '', '', '', '', 'neweffect', '', '', '109'),
(121, '', 'SpellCast', 'play', 0, 'self', 49, '', 'self.owner', '=', 'core.turn', '', '', '', '', '', '', '', '', '', 'neweffect', '', '', '110'),
(122, '', 'SpellCast', 'play', 0, 'self', 49, '', '', '', '', '', '', '', '', '', '', '', '', '', 'neweffect', '', '', '111'),
(123, '', 'SpellCast', 'play', 0, 'self', 49, '', '', '', '', '', '', '', '', '', '', '', '', '', 'neweffect', '', '', '112'),
(124, '', 'died', 'graveyard', 0, 'self', 0, '', 'self.id', '=', 'target.id', '', '', '', '', '', '', '', '', '', 'neweffect', '', '', '113'),
(125, '', 'died', 'graveyard', 0, 'self', 0, '', 'self.id', '=', 'target.id', '', '', '', '', '', '', '', '', '', 'neweffect', '', '', '114'),
(126, '', 'died', 'graveyard', 0, 'self', 0, '', 'self.id', '=', 'target.id', '', '', '', '', '', '', '', '', '', 'neweffect', '', '', '115'),
(129, '%name% buffs a creature +1/+1', 'Creaturetrained', 'play', 0, 'single', 52, '', 'self.id', '=', 'target.id', 'variable.Forged', '==', 'value.1', '', '', '', '', '', '', 'neweffect', '', '', '119'),
(130, '%name% buffs a creature +3/+3', 'Creaturetrained', 'play', 0, 'single', 52, '', 'self.id', '=', 'target.id', 'variable.Forged', '==', 'value.1', '', '', '', '', '', '', 'neweffect', '', '', '120'),
(133, '%name% buffs a creature +5/+5', 'Creaturetrained', 'play', 0, 'single', 52, '', 'self.id', '=', 'target.id', 'variable.Forged', '==', 'value.1', '', '', '', '', '', '', 'neweffect', '', '', '121'),
(134, '%name% buffs a creature +3/+0', 'Creaturetrained', 'play', 0, 'single', 52, '', 'self.id', '=', 'target.id', 'variable.Forged', '=', 'value.1', '', '', '', '', '', '', 'neweffect', '', '', '122'),
(135, '%name% buffs a creature +5/+0', 'Creaturetrained', 'play', 0, 'single', 52, '', 'self.id', '=', 'target.id', 'variable.Forged', '=', 'value.1', '', '', '', '', '', '', 'neweffect', '', '', '123'),
(136, '%name% buffs a creature +10/+0', 'Creaturetrained', 'play', 0, 'single', 52, '', 'self.id', '=', 'target.id', 'variable.Forged', '=', 'value.1', '', '', '', '', '', '', 'neweffect', '', '', '124'),
(137, '%name% buffs a creature +0/+2', 'Creaturetrained', 'play', 0, 'single', 52, '', 'self.id', '=', 'target.id', 'variable.Forged', '=', 'value.1', '', '', '', '', '', '', 'neweffect', '', '', '128'),
(138, '%name% buffs a creature +0/+4', 'Creaturetrained', 'play', 0, 'single', 52, '', 'self.id', '=', 'target.id', 'variable.Forged', '=', 'value.1', '', '', '', '', '', '', 'neweffect', '', '', '129'),
(139, '%name% buffs a creature +0/+8', 'Creaturetrained', 'play', 0, 'single', 52, '', 'self.id', '=', 'target.id', 'variable.Forged', '=', 'value.1', '', '', '', '', '', '', 'neweffect', '', '', '130'),
(140, '%name% deals 2 damage', 'Creaturetrained', 'play', 0, 'single', 53, '', 'self.id', '=', 'target.id', 'variable.Forged', '=', 'value.1', '', '', '', '', '', '', 'neweffect', '', '', '131'),
(141, '%name% deals 4 damage', 'Creaturetrained', 'play', 0, 'single', 53, '', 'self.id', '=', 'target.id', 'variable.Forged', '=', 'value.1', '', '', '', '', '', '', 'neweffect', '', '', '132'),
(142, '%name% deals 6 damage', 'Creaturetrained', 'play', 0, 'single', 53, '', 'self.id', '=', 'target.id', 'variable.Forged', '=', 'value.1', '', '', '', '', '', '', 'neweffect', '', '', '133'),
(143, '%name% spawns %name%', 'Creaturetrained', 'play', 0, 'single', 54, '', 'self.id', '=', 'target.id', 'variable.Forged', '=', 'value.1', '', '', '', '', '', '', 'neweffect', '', '', '134'),
(144, '%name% spawns %name%', 'Creaturetrained', 'play', 0, 'single', 54, '', 'self.id', '=', 'target.id', 'variable.Forged', '=', 'value.1', '', '', '', '', '', '', 'neweffect', '', '', '135'),
(145, '%name% spawns %name%', 'Creaturetrained', 'play', 0, 'single', 54, '', 'self.id', '=', 'target.id', 'variable.Forged', '=', 'value.1', '', '', '', '', '', '', 'neweffect', '', '', '136'),
(146, '%name% buffs the field', 'Creaturetrained', 'play', 0, 'all', 56, '', 'self.id', '=', 'target.id', 'variable.Forged', '=', 'value.1', '', '', '', '', '', '', 'neweffect', '', '', '140'),
(147, '%name% buffs the field', 'Creaturetrained', 'play', 0, 'all', 57, '', 'self.id', '=', 'target.id', 'variable.Forged', '=', 'value.1', '', '', '', '', '', '', 'neweffect', '', '', '120'),
(148, '%name% buffs the field', 'Creaturetrained', 'play', 0, 'all', 58, '', 'self.id', '=', 'target.id', 'variable.Forged', '=', 'value.1', '', '', '', '', '', '', 'neweffect', '', '', '121'),
(149, '%name% brings friends', 'Creaturetrained', 'play', 0, 'self', 0, '', 'self.id', '=', 'target.id', 'random.100', '>=', 'value.50', '', '', '', '', '', '', 'newefffect', '', '', '141'),
(150, '%name% brings friends', 'Creaturetrained', 'play', 0, 'self', 0, '', 'self.id', '=', 'target.id', 'random.100', '>=', 'value.50', '', '', '', '', '', '', 'newefffect', '', '', '142'),
(151, '%name% brings friends', 'Creaturetrained', 'play', 0, 'self', 0, '', 'self.id', '=', 'target.id', 'random.100', '>=', 'value.50', '', '', '', '', '', '', 'newefffect', '', '', '143'),
(152, '%name% pumps everyone', 'Creaturetrained', 'play', 0, 'all', 59, '', 'self.id', '=', 'target.id', 'variable.Forged', '=', 'value.1', 'self.lanesfilled', '=', 'value.5', '', '', '', 'neweffect', '', '', '144'),
(153, '%name% pumps everyone', 'Creaturetrained', 'play', 0, 'all', 59, '', 'self.id', '=', 'target.id', 'variable.Forged', '=', 'value.1', 'self.lanesfilled', '=', 'value.5', '', '', '', 'neweffect', '', '', '145'),
(154, '%name% pumps everyone', 'Creaturetrained', 'play', 0, 'all', 59, '', 'self.id', '=', 'target.id', 'variable.Forged', '=', 'value.1', 'self.lanesfilled', '=', 'value.5', '', '', '', 'neweffect', '', '', '146'),
(155, '', 'Damagedealt', 'play', 0, 'secondobject', 0, '', 'variable.Damage', '>=', 'value.1', 'self.id', '=', 'target.id', '', '', '', '', '', '', 'neweffect', '', '', '147'),
(156, '', 'Damagedealt', 'play', 0, 'secondobject', 0, '', 'variable.Damage', '>=', 'value.1', 'self.id', '=', 'target.id', '', '', '', '', '', '', 'neweffect', '', '', '148'),
(157, '', 'Damagedealt', 'play', 0, 'secondobject', 0, '', 'variable.Damage', '>=', 'value.1', 'self.id', '=', 'target.id', '', '', '', '', '', '', 'neweffect', '', '', '149'),
(158, '%name% is lethal', 'Damagedealt', 'play', 0, 'secondobject', 0, '', 'secondobject.level', '<=', 'value.1', 'self.id', '=', 'target.id', '', '', '', '', '', '', 'neweffect', '', '', '150'),
(159, '%name% is lethal', 'Damagedealt', 'play', 0, 'secondobject', 0, '', 'secondobject.level', '<=', 'value.2', 'self.id', '=', 'target.id', '', '', '', '', '', '', 'neweffect', '', '', '150'),
(160, '%name% is lethal', 'Damagedealt', 'play', 0, 'secondobject', 0, '', 'self.id', '=', 'target.id', '', '', '', '', '', '', '', '', '', 'neweffect', '', '', '150'),
(162, '%name% pumps up', 'Creaturetrained', 'play', 0, 'self', 0, '', 'self.id', '=', 'target.id', 'variable.Forged', '=', 'value.1', 'self.lanesfilled', '=', 'value.5', '', '', '', 'neweffect', '', '', '151'),
(163, '%name% pumps up', 'Creaturetrained', 'play', 0, 'self', 0, '', 'self.id', '=', 'target.id', 'variable.Forged', '=', 'value.1', 'self.lanesfilled', '=', 'value.5', '', '', '', 'neweffect', '', '', '152'),
(164, '%name% pumps up', 'Creaturetrained', 'play', 0, 'self', 0, '', 'self.id', '=', 'target.id', 'variable.Forged', '=', 'value.1', 'self.lanesfilled', '=', 'value.5', '', '', '', 'neweffect', '', '', '153'),
(165, '%name% is lethal', 'Damagedealt', 'play', 0, 'secondobject', 0, '', 'self.id', '=', 'target.id', '', '', '', '', '', '', '', '', '', 'neweffect', '', '', '154'),
(166, '%name% is lethal', 'Damagedealt', 'play', 0, 'secondobject', 0, '', 'self.id', '=', 'target.id', '', '', '', '', '', '', '', '', '', 'neweffect', '', '', '155'),
(167, '%name% is lethal', 'Damagedealt', 'play', 0, 'secondobject', 0, '', 'self.id', '=', 'target.id', '', '', '', '', '', '', '', '', '', 'neweffect', '', '', '156'),
(168, '', 'Creaturetrained', 'play', 0, 'self', 0, '', 'self.id', '!=', 'target.id', 'variable.Forged', '=', 'value.1', 'target.level', '<=', 'value.1', 'target.owner', '=', 'self.owner', 'neweffect', '', '', '157'),
(169, '', 'Creaturetrained', 'play', 0, 'self', 0, '', 'self.id', '!=', 'target.id', 'variable.Forged', '=', 'value.1', 'target.level', '<=', 'value.2', 'target.owner', '=', 'self.owner', 'neweffect', '', '', '157'),
(170, '%name% splashes damage', 'Playerdamage', 'play', 0, 'all', 60, '', 'self.id', '==', 'target.id', '', '', '', '', '', '', '', '', '', 'neweffect', '', '', '158'),
(171, '%name% does extra damage', 'Playerdamage', 'play', 0, 'self', 60, '', 'self.id', '==', 'target.id', '', '', '', '', '', '', '', '', '', 'neweffect', '', '', '159'),
(172, '', 'startturn', 'play', 0, 'self', 0, '', 'self.owner', '=', 'core.turn', '', '', '', '', '', '', '', '', '', 'neweffect', '', '', '160'),
(173, '', 'died', 'graveyard', 0, 'self', 0, '', 'self.id', '=', 'target.id', '', '', '', '', '', '', '', '', '', 'neweffect', '', '', '163'),
(174, '%name% grows', 'Playerdamage', 'play', 0, 'self', 60, '', 'self.id', '==', 'target.id', '', '', '', '', '', '', '', '', '', 'neweffect', '', '', '165'),
(175, '%name% grows', 'Playerdamage', 'play', 0, 'self', 60, '', 'self.id', '==', 'target.id', '', '', '', '', '', '', '', '', '', 'neweffect', '', '', '166'),
(176, '%name% grows', 'Playerdamage', 'play', 0, 'self', 60, '', 'self.id', '==', 'target.id', '', '', '', '', '', '', '', '', '', 'neweffect', '', '', '167'),
(177, '%name% grows', 'Playerdamage', 'play', 0, 'self', 60, '', 'self.id', '==', 'target.id', '', '', '', '', '', '', '', '', '', 'neweffect', '', '', '168'),
(178, '%name% splashes lifeforce', 'Damagereceived', 'play', 0, 'self', 0, '', 'self.id', '=', 'target.id', '', '', '', '', '', '', '', '', '', 'neweffect', '', '', '172'),
(179, '%name% thrives on the violence', 'Playerdamage', 'play', 0, 'self', 0, '', 'self.owner', '=', 'target.owner', '', '', '', '', '', '', '', '', '', 'neweffect', '', '', '192'),
(180, '%name% thrives on the violence', 'Playerdamage', 'play', 0, 'self', 0, '', 'self.owner', '=', 'target.owner', '', '', '', '', '', '', '', '', '', 'neweffect', '', '', '193'),
(181, '%name% thrives on the violence', 'Playerdamage', 'play', 0, 'self', 0, '', 'self.owner', '=', 'target.owner', '', '', '', '', '', '', '', '', '', 'neweffect', '', '', '194'),
(182, '', 'died', 'graveyard', 0, 'self', 0, '', 'self.id', '=', 'target.id', '', '', '', '', '', '', '', '', '', 'neweffect', '', '', '195'),
(183, '', 'died', 'graveyard', 0, 'self', 0, '', 'self.id', '=', 'target.id', '', '', '', '', '', '', '', '', '', 'neweffect', '', '', '196'),
(184, '', 'died', 'graveyard', 0, 'self', 0, '', 'self.id', '=', 'target.id', '', '', '', '', '', '', '', '', '', 'neweffect', '', '', '197'),
(185, '', 'died', 'graveyard', 0, 'self', 0, '', 'self.id', '=', 'target.id', '', '', '', '', '', '', '', '', '', 'neweffect', '', '', '198'),
(186, '', 'died', 'graveyard', 0, 'self', 0, '', 'self.id', '=', 'target.id', '', '', '', '', '', '', '', '', '', 'neweffect', '', '', '199'),
(187, '', 'died', 'graveyard', 0, 'self', 0, '', 'self.id', '=', 'target.id', '', '', '', '', '', '', '', '', '', 'neweffect', '', '', '200'),
(188, '', 'died', 'graveyard', 0, 'self', 0, '', 'self.id', '=', 'target.id', '', '', '', '', '', '', '', '', '', 'neweffect', '', '', '202'),
(189, '', 'died', 'graveyard', 0, 'self', 0, '', 'self.id', '=', 'target.id', '', '', '', '', '', '', '', '', '', 'neweffect', '', '', '201'),
(190, '', 'died', 'play', 0, 'self', 0, '', 'self.id', '!=', 'target.id', '', '', '', '', '', '', '', '', '', 'neweffect', '', '', '192'),
(191, '', 'died', 'play', 0, 'self', 0, '', 'self.id', '!=', 'target.id', '', '', '', '', '', '', '', '', '', 'neweffect', '', '', '193'),
(192, '', 'died', 'play', 0, 'self', 0, '', 'self.id', '!=', 'target.id', '', '', '', '', '', '', '', '', '', 'neweffect', '', '', '194'),
(193, '', 'died', 'graveyard', 0, 'self', 0, '', 'self.id', '=', 'target.id', '', '', '', '', '', '', '', '', '', 'neweffect', '', '', '206'),
(194, '', 'died', 'graveyard', 0, 'self', 0, '', 'self.id', '=', 'target.id', '', '', '', '', '', '', '', '', '', 'neweffect', '', '', '207,208'),
(195, '', 'Creaturetrained', 'play', 0, 'self', 0, '', 'self.id', '=', 'target.id', '', '', '', '', '', '', '', '', '', 'neweffect', '', '', '219'),
(196, '', 'Creaturetrained', 'play', 0, 'self', 0, '', 'self.id', '=', 'target.id', '', '', '', '', '', '', '', '', '', 'neweffect', '', '', '220'),
(197, '', 'Creaturetrained', 'play', 0, 'self', 0, '', 'self.id', '=', 'target.id', '', '', '', '', '', '', '', '', '', 'neweffect', '', '', '221'),
(198, '', 'Creaturetrained', 'play', 0, 'self', 0, '', 'self.id', '!=', 'target.id', 'self.owner', '=', 'target.owner', '', '', '', '', '', '', 'neweffect', '', '', '192'),
(199, '', 'Creaturetrained', 'play', 0, 'self', 0, '', 'self.id', '!=', 'target.id', 'self.owner', '=', 'target.owner', '', '', '', '', '', '', 'neweffect', '', '', '193'),
(200, '', 'Creaturetrained', 'play', 0, 'self', 0, '', 'self.id', '!=', 'target.id', 'self.owner', '=', 'target.owner', '', '', '', '', '', '', 'neweffect', '', '', '194'),
(201, '', 'Creaturetrained', 'play', 0, 'single', 79, '', 'self.id', '=', 'target.id', '', '', '', '', '', '', '', '', '', 'neweffect', '', '', '109'),
(202, '', 'Creaturetrained', 'play', 0, 'single', 80, '', 'self.id', '=', 'target.id', '', '', '', '', '', '', '', '', '', 'neweffect', '', '', '109'),
(203, '', 'Creaturetrained', 'play', 0, 'single', 81, '', 'self.id', '=', 'target.id', '', '', '', '', '', '', '', '', '', 'neweffect', '', '', '109'),
(204, '', 'Creaturetrained', 'play', 0, 'all', 85, '', 'self.id', '=', 'target.id', 'self.opposed', '=', 'value.1', '', '', '', '', '', '', 'neweffect', '', '', '233'),
(205, '', 'Creaturetrained', 'play', 0, 'all', 85, '', 'self.id', '=', 'target.id', 'self.opposed', '=', 'value.1', '', '', '', '', '', '', 'neweffect', '', '', '234'),
(206, '', 'Flank', 'play', 0, 'all', 85, '', 'self.id', '=', 'target.id', 'self.opposed', '=', 'value.1', '', '', '', '', '', '', 'neweffect', '', '', '233'),
(207, '', 'Flank', 'play', 0, 'all', 85, '', 'self.id', '=', 'target.id', 'self.opposed', '=', 'value.1', '', '', '', '', '', '', 'neweffect', '', '', '234'),
(208, '%name% triggers', 'Creaturetrained', 'play', 0, 'cardinhand', 88, '', 'self.id', '==', 'target.id', 'variable.Forged', '==', 'value.1', '', '', '', '', '', '', 'neweffect', '', '', '249'),
(209, '%name% poisons for 2', 'Creaturetrained', 'play', 0, 'single', 53, '', 'self.id', '==', 'target.id', 'variable.Forged', '==', 'value.1', '', '', '', '', '', '', 'neweffect', '', '', '253'),
(210, '%name% poisons for 4', 'Creaturetrained', 'play', 0, 'single', 53, '', 'self.id', '==', 'target.id', 'variable.Forged', '==', 'value.1', '', '', '', '', '', '', 'neweffect', '', '', '147'),
(211, '%name% poisons for 4', 'Creaturetrained', 'play', 0, 'single', 53, '', 'self.id', '==', 'target.id', 'variable.Forged', '==', 'value.1', '', '', '', '', '', '', 'neweffect', '', '', '148'),
(212, '%name% buffs a creature', 'Creaturetrained', 'play', 0, 'single', 51, '', 'self.id', '==', 'target.id', 'variable.Forged', '==', 'value.1', '', '', '', '', '', '', 'neweffect', '', '', '264'),
(213, '%name% buffs a creature', 'Creaturetrained', 'play', 0, 'single', 51, '', 'self.id', '==', 'target.id', 'variable.Forged', '==', 'value.1', '', '', '', '', '', '', 'neweffect', '', '', '265'),
(214, '%name% buffs a creature', 'Creaturetrained', 'play', 0, 'single', 51, '', 'self.id', '==', 'target.id', 'variable.Forged', '==', 'value.1', '', '', '', '', '', '', 'neweffect', '', '', '266'),
(215, '', 'startturn', 'play', 0, 'self', 0, '', 'self.owner', '=', 'core.turn', '', '', '', '', '', '', '', '', '', 'neweffect', '', '', '193'),
(216, '', 'startturn', 'play', 0, 'self', 0, '', 'self.owner', '=', 'core.turn', '', '', '', '', '', '', '', '', '', 'neweffect', '', '', '214'),
(217, '', 'startturn', 'play', 0, 'self', 0, '', 'self.owner', '=', 'core.turn', '', '', '', '', '', '', '', '', '', 'neweffect', '', '', '260'),
(218, '', 'Creaturetrained', 'play', 0, 'single', 53, '', 'variable.Forged', '=', 'value.1', 'self.owner', '=', 'target.owner', 'target.Faction', 'eq', 'value.Nekrium', 'target.level', '<=', 'value.1', 'neweffect', '', '', '185'),
(219, 'LVL 3 %name% triggers', 'Creaturetrained', 'play', 0, 'single', 53, '', 'variable.Forged', '=', 'value.1', 'self.owner', '=', 'target.owner', 'target.Faction', 'eq', 'value.Nekrium', 'target.level', '<=', 'value.2', 'neweffect', '', '', '283'),
(220, '%name% draws 1 card', 'Creaturetrained', 'play', 0, 'self', 0, '', 'self.id', '=', 'target.id', 'variable.Forged', '=', 'value.1', '', '', '', '', '', '', 'neweffect', '', '', '186'),
(221, '%name% draws 2 cards', 'Creaturetrained', 'play', 0, 'self', 0, '', 'self.id', '=', 'target.id', 'variable.Forged', '=', 'value.1', '', '', '', '', '', '', 'neweffect', '', '', '187'),
(222, '%name% draws 3 cards', 'Creaturetrained', 'play', 0, 'self', 0, '', 'self.id', '=', 'target.id', 'variable.Forged', '=', 'value.1', '', '', '', '', '', '', 'neweffect', '', '', '188'),
(223, '', 'Creaturetrained', 'play', 0, 'self', 0, '', 'self.id', '!=', 'target.id', 'self.owner', '=', 'target.owner', 'target.subtype', 'con', 'value.Wanderer', '', '', '', 'neweffect', '', '', '194'),
(224, '', 'Creaturetrained', 'play', 0, 'self', 0, '', 'self.id', '!=', 'target.id', 'self.owner', '=', 'target.owner', 'target.subtype', 'con', 'value.Wanderer', '', '', '', 'neweffect', '', '', '260'),
(225, '', 'Creaturetrained', 'play', 0, 'self', 0, '', 'self.id', '!=', 'target.id', 'self.owner', '=', 'target.owner', 'target.subtype', 'con', 'value.Wanderer', '', '', '', 'neweffect', '', '', '288'),
(226, '', 'startturn', 'play', 0, 'self', 0, '', 'self.owner', '=', 'core.turn', '', '', '', '', '', '', '', '', '', 'neweffect', '', '', '186'),
(227, '', 'startturn', 'play', 0, 'self', 0, '', 'self.owner', '=', 'core.turn', '', '', '', '', '', '', '', '', '', 'neweffect', '', '', '187'),
(228, '', 'startturn', 'play', 0, 'self', 0, '', 'self.owner', '=', 'core.turn', '', '', '', '', '', '', '', '', '', 'neweffect', '', '', '188'),
(229, '', 'startturn', 'play', 0, 'self', 0, '', 'self.owner', '!=', 'core.turn', '', '', '', '', '', '', '', '', '', 'neweffect', '', '', '298,299'),
(230, '', 'startturn', 'play', 0, 'self', 0, '', 'self.owner', '!=', 'core.turn', '', '', '', '', '', '', '', '', '', 'neweffect', '', '', '298,300'),
(231, '', 'startturn', 'play', 0, 'self', 0, '', 'self.owner', '!=', 'core.turn', '', '', '', '', '', '', '', '', '', 'neweffect', '', '', '298,301'),
(232, '%name% protects friendly robots', 'Creaturetrained', 'play', 0, 'single', 95, '', 'self.id', '==', 'target.id', 'variable.Forged', '==', 'value.1', '', '', '', '', '', '', 'neweffect', '', '', '277'),
(233, '%name% protects friendly robots', 'Creaturetrained', 'play', 0, 'single', 95, '', 'self.id', '==', 'target.id', 'variable.Forged', '==', 'value.1', '', '', '', '', '', '', 'neweffect', '', '', '278'),
(234, '%name% protects friendly robots', 'Creaturetrained', 'play', 0, 'single', 95, '', 'self.id', '==', 'target.id', 'variable.Forged', '==', 'value.1', '', '', '', '', '', '', 'neweffect', '', '', '302'),
(235, '%name% triggers', 'Creaturetrained', 'play', 0, 'single', 53, '', 'self.id', '==', 'target.id', 'variable.Forged', '==', 'value.1', '', '', '', '', '', '', 'neweffect', '', '', '303'),
(236, '%name% triggers', 'Creaturetrained', 'play', 0, 'single', 96, '', 'self.id', '==', 'target.id', 'variable.Forged', '==', 'value.1', '', '', '', '', '', '', 'neweffect', '', '', '304'),
(237, '%name% triggers', 'Creaturetrained', 'play', 0, 'single', 96, '', 'self.id', '==', 'target.id', 'variable.Forged', '==', 'value.1', '', '', '', '', '', '', 'neweffect', '', '', '305'),
(238, '%name% triggers', 'Creaturetrained', 'play', 0, 'single', 97, '', 'self.id', '==', 'target.id', 'variable.Forged', '==', 'value.1', '', '', '', '', '', '', 'neweffect', '', '', '306'),
(239, '', 'SpellCast', 'play', 0, 'single', 53, '', '', '', '', 'self.owner', '=', 'target.owner', 'target.Faction', 'eq', 'value.Nekrium', 'target.level', '<=', 'value.1', 'neweffect', '', '', '185'),
(240, 'LVL 3 %name% triggers', 'SpellCast', 'play', 0, 'single', 53, '', '', '', '', 'self.owner', '=', 'target.owner', 'target.Faction', 'eq', 'value.Nekrium', 'target.level', '<=', 'value.2', 'neweffect', '', '', '283'),
(241, '', 'Creaturetrained', 'play', 0, 'single', 51, '', 'variable.Forged', '=', 'value.1', 'self.owner', '=', 'target.owner', 'target.Faction', 'eq', 'value.Uterra', 'target.level', '<=', 'value.1', 'neweffect', '', '', '120'),
(242, 'LVL 3 %name% triggers', 'Creaturetrained', 'play', 0, 'single', 51, '', 'variable.Forged', '=', 'value.1', 'self.owner', '=', 'target.owner', 'target.Faction', 'eq', 'value.Uterra', 'target.level', '<=', 'value.2', 'neweffect', '', '', '121'),
(243, '', 'SpellCast', 'play', 0, 'single', 51, '', '', '', '', 'self.owner', '=', 'target.owner', 'target.Faction', 'eq', 'value.Uterra', 'target.level', '<=', 'value.1', 'neweffect', '', '', '120'),
(244, 'LVL 3 %name% triggers', 'SpellCast', 'play', 0, 'single', 51, '', '', '', '', 'self.owner', '=', 'target.owner', 'target.Faction', 'eq', 'value.Uterra', 'target.level', '<=', 'value.2', 'neweffect', '', '', '121'),
(245, '', 'Creaturetrained', 'play', 0, 'single', 51, '', 'variable.Forged', '=', 'value.1', 'self.owner', '=', 'target.owner', 'target.Faction', 'eq', 'value.Alloyin', 'target.level', '<=', 'value.1', 'neweffect', '', '', '103'),
(246, 'LVL 3 %name% triggers', 'Creaturetrained', 'play', 0, 'single', 51, '', 'variable.Forged', '=', 'value.1', 'self.owner', '=', 'target.owner', 'target.Faction', 'eq', 'value.Alloyin', 'target.level', '<=', 'value.2', 'neweffect', '', '', '162'),
(247, '', 'SpellCast', 'play', 0, 'single', 51, '', '', '', '', 'self.owner', '=', 'target.owner', 'target.Faction', 'eq', 'value.Alloyin', 'target.level', '<=', 'value.1', 'neweffect', '', '', '103'),
(248, 'LVL 3 %name% triggers', 'SpellCast', 'play', 0, 'single', 51, '', '', '', '', 'self.owner', '=', 'target.owner', 'target.Faction', 'eq', 'value.Alloyin', 'target.level', '<=', 'value.2', 'neweffect', '', '', '162'),
(249, '', 'SpellCast', 'play', 0, 'single', 105, '', '', '', '', 'self.owner', '=', 'target.owner', 'target.Faction', 'eq', 'value.Tempys', 'target.level', '<=', 'value.1', 'neweffect', '', '', '132'),
(250, 'LVL 3 %name% triggers', 'SpellCast', 'play', 0, 'single', 105, '', '', '', '', 'self.owner', '=', 'target.owner', 'target.Faction', 'eq', 'value.Tempys', 'target.level', '<=', 'value.2', 'neweffect', '', '', '276'),
(251, '', 'Creaturetrained', 'play', 0, 'single', 105, '', 'variable.Forged', '=', 'value.1', 'self.owner', '=', 'target.owner', 'target.Faction', 'eq', 'value.Tempys', 'target.level', '<=', 'value.1', 'neweffect', '', '', '132'),
(252, 'LVL 3 %name% triggers', 'Creaturetrained', 'play', 0, 'single', 105, '', 'variable.Forged', '=', 'value.1', 'self.owner', '=', 'target.owner', 'target.Faction', 'eq', 'value.Tempys', 'target.level', '<=', 'value.2', 'neweffect', '', '', '276'),
(253, '', 'died', 'graveyard', 0, 'self', 0, '', 'self.id', '=', 'target.id', '', '', '', '', '', '', '', '', '', 'neweffect', '', '', '307'),
(254, '', 'died', 'graveyard', 0, 'self', 0, '', 'self.id', '=', 'target.id', '', '', '', '', '', '', '', '', '', 'neweffect', '', '', '308'),
(255, '', 'died', 'graveyard', 0, 'self', 0, '', 'self.id', '=', 'target.id', '', '', '', '', '', '', '', '', '', 'neweffect', '', '', '309'),
(256, '%name% damages the opponent', 'startturn', 'play', 0, 'self', 0, '', 'self.owner', '=', 'core.turn', '', '', '', '', '', '', '', '', '', 'neweffect', '', '', '307'),
(257, '%name% damages the opponent', 'startturn', 'play', 0, 'self', 0, '', 'self.owner', '=', 'core.turn', '', '', '', '', '', '', '', '', '', 'neweffect', '', '', '310'),
(258, '%name% damages the opponent', 'startturn', 'play', 0, 'self', 0, '', 'self.owner', '=', 'core.turn', '', '', '', '', '', '', '', '', '', 'neweffect', '', '', '311'),
(259, '%name% heals its controller', 'startturn', 'play', 0, 'self', 0, '', 'self.owner', '=', 'core.turn', '', '', '', '', '', '', '', '', '', 'neweffect', '', '', '312'),
(260, '%name% heals its controller', 'startturn', 'play', 0, 'self', 0, '', 'self.owner', '=', 'core.turn', '', '', '', '', '', '', '', '', '', 'neweffect', '', '', '313'),
(261, '%name% heals its controller', 'startturn', 'play', 0, 'self', 0, '', 'self.owner', '=', 'core.turn', '', '', '', '', '', '', '', '', '', 'neweffect', '', '', '314'),
(262, '%name% raises the dead', 'Creaturetrained', 'play', 0, 'allcards', 111, '', 'self.id', '=', 'target.id', 'variable.Forged', '=', 'value.1', '', '', '', '', '', '', 'neweffect', '', '', '336'),
(263, '', 'rankup', 'play', 0, 'all', 115, '', 'self.owner', '=', 'core.turn', '', '', '', '', '', '', '', '', '', 'neweffect', '', '', '213'),
(264, '', 'rankup', 'play', 0, 'all', 115, '', 'self.owner', '=', 'core.turn', '', '', '', '', '', '', '', '', '', 'neweffect', '', '', '133'),
(265, '', 'rankup', 'play', 0, 'all', 115, '', 'self.owner', '=', 'core.turn', '', '', '', '', '', '', '', '', '', 'neweffect', '', '', '223'),
(266, '', 'rankup', 'play', 0, 'self', 0, '', 'self.owner', '=', 'core.turn', '', '', '', '', '', '', '', '', '', 'neweffect', '', '', '344'),
(267, '', 'died', 'graveyard', 0, 'self', 0, '', 'self.id', '=', 'target.id', '', '', '', '', '', '', '', '', '', 'neweffect', '', '', '345'),
(268, '', 'rankup', 'play', 0, 'self', 0, '', 'self.owner', '=', 'core.turn', '', '', '', '', '', '', '', '', '', 'neweffect', '', '', '214'),
(269, '', 'rankup', 'play', 0, 'self', 0, '', 'self.owner', '=', 'core.turn', '', '', '', '', '', '', '', '', '', 'neweffect', '', '', '215'),
(270, '', 'rankup', 'play', 0, 'self', 0, '', 'self.owner', '=', 'core.turn', '', '', '', '', '', '', '', '', '', 'neweffect', '', '', '346'),
(271, '%name% deals 2 damage.', 'SpellCast', 'play', 0, 'self', 0, '', 'self.owner', '=', 'target.owner', '', '', '', '', '', '', '', '', '', 'neweffect', '', '', '350'),
(272, '%name% deals 3 damage.', 'SpellCast', 'play', 0, 'self', 0, '', 'self.owner', '=', 'target.owner', '', '', '', '', '', '', '', '', '', 'neweffect', '', '', '351'),
(273, '%name% deals 5 damage.', 'SpellCast', 'play', 0, 'self', 0, '', 'self.owner', '=', 'target.owner', '', '', '', '', '', '', '', '', '', 'neweffect', '', '', '352'),
(274, '', 'SpellCast', 'play', 0, 'single', 52, '', 'self.owner', '=', 'target.owner', '', '', '', '', '', '', '', '', '', 'neweffect', '', '', '291'),
(275, '', 'Creaturetrained', 'play', 0, 'single', 89, '', 'self.id', '=', 'target.id', '', '', '', '', '', '', '', '', '', 'neweffect', '', '', '224'),
(276, '', 'Creaturetrained', 'play', 0, 'single', 89, '', 'self.id', '=', 'target.id', '', '', '', '', '', '', '', '', '', 'neweffect', '', '', '225'),
(277, '', 'Creaturetrained', 'play', 0, 'single', 89, '', 'self.id', '=', 'target.id', '', '', '', '', '', '', '', '', '', 'neweffect', '', '', '226'),
(278, '', 'SpellCast', 'play', 0, 'single', 54, '', 'self.owner', '=', 'target.owner', '', '', '', '', '', '', '', '', '', 'neweffect', '', '', '224'),
(279, '%name% flourishes the battlefield', 'SpellCast', 'play', 0, 'single', 54, '', 'self.owner', '=', 'target.owner', '', '', '', '', '', '', '', '', '', 'neweffect', '', '', '225'),
(280, '%name% flourishes the battlefield', 'SpellCast', 'play', 0, 'single', 54, '', 'self.owner', '=', 'target.owner', '', '', '', '', '', '', '', '', '', 'neweffect', '', '', '226'),
(281, '', 'died', 'play', 0, 'self', 0, '', 'self.id', '!=', 'target.id', 'self.lane', '=', 'target.lane', '', '', '', '', '', '', 'neweffect', '', '', '193'),
(282, '', 'died', 'play', 0, 'self', 0, '', 'self.id', '!=', 'target.id', 'self.lane', '=', 'target.lane', '', '', '', '', '', '', 'neweffect', '', '', '214'),
(283, '', 'died', 'play', 0, 'self', 0, '', 'self.id', '!=', 'target.id', 'self.lane', '=', 'target.lane', '', '', '', '', '', '', 'neweffect', '', '', '260'),
(284, '', 'Flank', 'play', 0, 'all', 117, '', 'self.id', '=', 'target.id', 'self.opposed', '=', 'value.1', '', '', '', '', '', '', 'neweffect', '', '', '109'),
(285, '', 'Flank', 'play', 0, 'all', 118, '', 'self.id', '=', 'target.id', 'self.opposed', '=', 'value.1', '', '', '', '', '', '', 'neweffect', '', '', '109'),
(286, '', 'Flank', 'play', 0, 'all', 85, '', 'self.id', '=', 'target.id', 'self.opposed', '=', 'value.1', '', '', '', '', '', '', 'neweffect', '', '', '109'),
(287, '', 'Flank', 'play', 0, 'all', 85, '', 'self.id', '=', 'target.id', 'self.opposed', '=', 'value.1', '', '', '', '', '', '', 'neweffect', '', '', '213'),
(288, '', 'Flank', 'play', 0, 'all', 85, '', 'self.id', '=', 'target.id', 'self.opposed', '=', 'value.1', '', '', '', '', '', '', 'neweffect', '', '', '133'),
(289, '', 'Flank', 'play', 0, 'all', 85, '', 'self.id', '=', 'target.id', 'self.opposed', '=', 'value.1', '', '', '', '', '', '', 'neweffect', '', '', '223'),
(290, '', 'died', 'graveyard', 0, 'all', 92, '', 'self.id', '=', 'target.id', '', '', '', '', '', '', '', '', '', 'neweffect', '', '', '131'),
(291, '', 'died', 'graveyard', 0, 'all', 92, '', 'self.id', '=', 'target.id', '', '', '', '', '', '', '', '', '', 'neweffect', '', '', '132'),
(292, '', 'died', 'graveyard', 0, 'all', 92, '', 'self.id', '=', 'target.id', '', '', '', '', '', '', '', '', '', 'neweffect', '', '', '133'),
(293, '%name% triggers', 'Creaturetrained', 'play', 0, 'single', 119, '', 'self.id', '==', 'target.id', 'variable.Forged', '==', 'value.1', '', '', '', '', '', '', 'neweffect', '', '', '275'),
(294, '%name% reigns', 'Creaturetrained', 'play', 0, 'all', 72, '', 'self.id', '==', 'target.id', 'variable.Forged', '==', 'value.1', '', '', '', '', '', '', 'neweffect', '', '', '275'),
(295, '%name% triggers', 'Creaturetrained', 'play', 0, 'single', 75, '', 'self.id', '==', 'target.id', 'variable.Forged', '==', 'value.1', '', '', '', '', '', '', 'neweffect', '', '', '362'),
(296, '', 'rankup', 'play', 0, 'self', 0, '', 'self.owner', '=', 'core.turn', '', '', '', '', '', '', '', '', '', 'neweffect', '', '', '366'),
(297, '', 'Creaturetrained', 'play', 0, 'single', 53, '', 'self.id', '=', 'target.id', 'variable.Forged', '=', 'value.1', '', '', '', '', '', '', 'neweffect', '', '', '183'),
(298, '', 'Creaturetrained', 'play', 0, 'single', 53, '', 'self.id', '=', 'target.id', 'variable.Forged', '=', 'value.1', '', '', '', '', '', '', 'neweffect', '', '', '184'),
(299, '', 'Creaturetrained', 'play', 0, 'single', 53, '', 'self.id', '=', 'target.id', 'variable.Forged', '=', 'value.1', '', '', '', '', '', '', 'neweffect', '', '', '283'),
(300, '', 'Creaturetrained', 'play', 0, 'multi', 0, '121,120', 'self.id', '=', 'target.id', 'variable.Forged', '=', 'value.1', '', '', '', '', '', '', 'neweffect', '', '', '367'),
(301, '', 'Creaturetrained', 'play', 0, 'multi', 0, '122,120', 'self.id', '=', 'target.id', 'variable.Forged', '=', 'value.1', '', '', '', '', '', '', 'neweffect', '', '', '367'),
(302, '', 'Creaturetrained', 'play', 0, 'multi', 0, '123,120', 'self.id', '=', 'target.id', 'variable.Forged', '=', 'value.1', '', '', '', '', '', '', 'neweffect', '', '', '367'),
(303, '', 'died', 'graveyard', 0, 'all', 126, '', 'self.id', '=', 'target.id', '', '', '', '', '', '', '', '', '', 'neweffect', '', '', '368'),
(304, '', 'died', 'graveyard', 0, 'all', 126, '', 'self.id', '=', 'target.id', '', '', '', '', '', '', '', '', '', 'neweffect', '', '', '369'),
(305, '', 'died', 'graveyard', 0, 'all', 126, '', 'self.id', '=', 'target.id', '', '', '', '', '', '', '', '', '', 'neweffect', '', '', '370'),
(306, '', 'died', 'play', 0, 'self', 0, '', 'target.subtype', 'con', 'value.Abomination', 'target.owner', '=', 'self.owner', '', '', '', '', '', '', 'neweffect', '', '', '371'),
(307, '', 'died', 'play', 0, 'self', 0, '', 'target.subtype', 'con', 'value.Abomination', 'target.owner', '=', 'self.owner', '', '', '', '', '', '', 'neweffect', '', '', '372'),
(308, '', 'died', 'play', 0, 'self', 0, '', 'target.subtype', 'con', 'value.Abomination', 'target.owner', '=', 'self.owner', '', '', '', '', '', '', 'neweffect', '', '', '373'),
(309, '', 'died', 'graveyard', 0, 'self', 0, '', 'target.id', '==', 'self.id', '', '', '', '', '', '', '', '', '', 'neweffect', '', '', '371'),
(310, '', 'died', 'graveyard', 0, 'self', 0, '', 'target.id', '==', 'self.id', '', '', '', '', '', '', '', '', '', 'neweffect', '', '', '372'),
(311, '', 'died', 'graveyard', 0, 'self', 0, '', 'target.id', '==', 'self.id', '', '', '', '', '', '', '', '', '', 'neweffect', '', '', '373'),
(312, '%name% is enraged', 'SpellCast', 'play', 0, 'self', 0, '', 'self.owner', '=', 'core.turn', '', '', '', '', '', '', '', '', '', 'neweffect', '', '', '331'),
(313, '', 'Creaturetrained', 'play', 0, 'self', 0, '', 'self.id', '=', 'target.id', 'variable.Forged', '=', 'value.1', '', '', '', '', '', '', 'neweffect', '', '', '374'),
(314, '', 'startturn', 'play', 0, 'single', 128, '', 'self.owner', '=', 'core.turn', '', '', '', '', '', '', '', '', '', 'neweffect', '', '', '150'),
(315, '', 'startturn', 'play', 0, 'single', 129, '', 'self.owner', '=', 'core.turn', '', '', '', '', '', '', '', '', '', 'neweffect', '', '', '150'),
(316, '', 'Flank', 'play', 0, 'self', 0, '', 'target.owner', '==', 'self.owner', '', '', '', '', '', '', '', '', '', 'neweffect', '', '', '380'),
(317, '', 'Flank', 'play', 0, 'self', 0, '', 'target.owner', '==', 'self.owner', '', '', '', '', '', '', '', '', '', 'neweffect', '', '', '381'),
(318, '', 'Flank', 'play', 0, 'self', 0, '', 'target.owner', '==', 'self.owner', '', '', '', '', '', '', '', '', '', 'neweffect', '', '', '382'),
(319, '%name% moves around', 'startturn', 'play', 0, 'single', 131, '', '', '', '', '', '', '', '', '', '', '', '', '', 'neweffect', '', '', '335'),
(320, '%name% radiates lightning', 'Flank', 'play', 0, 'all', 85, '', 'self.id', '=', 'target.id', 'self.opposed', '=', 'value.1', '', '', '', '', '', '', 'neweffect', '', '', '383'),
(321, '%name% radiates lightning', 'Flank', 'play', 0, 'all', 85, '', 'self.id', '=', 'target.id', 'self.opposed', '=', 'value.1', '', '', '', '', '', '', 'neweffect', '', '', '384'),
(322, '%name% radiates lightning', 'Flank', 'play', 0, 'all', 85, '', 'self.id', '=', 'target.id', 'self.opposed', '=', 'value.1', '', '', '', '', '', '', 'neweffect', '', '', '385'),
(323, '%name% pumps the spawn', 'Creaturetrained', 'play', 0, 'default', 0, '', 'self.owner', '=', 'target.owner', 'variable.Forged', '=', 'value.0', '', '', '', '', '', '', 'neweffect', '', '', '399'),
(324, '%name% pumps the spawn', 'Creaturetrained', 'play', 0, 'default', 0, '', 'self.owner', '=', 'target.owner', 'variable.Forged', '=', 'value.0', '', '', '', '', '', '', 'neweffect', '', '', '400'),
(325, '%name% pumps the spawn', 'Creaturetrained', 'play', 0, 'default', 0, '', 'self.owner', '=', 'target.owner', 'variable.Forged', '=', 'value.0', '', '', '', '', '', '', 'neweffect', '', '', '401'),
(326, '', 'Creaturetrained', 'play', 0, 'default', 0, '', 'self.owner', '!=', 'target.owner', 'variable.Forged', '=', 'value.0', '', '', '', '', '', '', 'neweffect', '', '', '402'),
(327, '', 'Creaturetrained', 'play', 0, 'default', 0, '', 'self.owner', '!=', 'target.owner', 'variable.Forged', '=', 'value.0', '', '', '', '', '', '', 'neweffect', '', '', '403'),
(328, '', 'Creaturetrained', 'play', 0, 'default', 0, '', 'self.owner', '!=', 'target.owner', 'variable.Forged', '=', 'value.0', '', '', '', '', '', '', 'neweffect', '', '', '404'),
(329, '%name% invites a friend', 'Creaturetrained', 'play', 0, 'cardinhand', 139, '', 'self.id', '=', 'target.id', 'variable.Forged', '==', 'value.1', '', '', '', '', '', '', 'neweffect', '', '', '179'),
(330, '%name% invites a friend', 'Creaturetrained', 'play', 0, 'cardinhand', 140, '', 'self.id', '=', 'target.id', 'variable.Forged', '==', 'value.1', '', '', '', '', '', '', 'neweffect', '', '', '179'),
(331, '%name% invites a spell', 'Creaturetrained', 'play', 0, 'cardinhand', 141, '', 'self.id', '=', 'target.id', 'variable.Forged', '==', 'value.1', '', '', '', '', '', '', 'neweffect', '', '', '179'),
(332, '%name% invites a spell', 'Creaturetrained', 'play', 0, 'cardinhand', 142, '', 'self.id', '=', 'target.id', 'variable.Forged', '==', 'value.1', '', '', '', '', '', '', 'neweffect', '', '', '179'),
(333, '%name% grows from the pain', 'Damagereceived', 'play', 0, 'self', 0, '', 'self.id', '=', 'target.id', '', '', '', '', '', '', '', '', '', 'neweffect', '', '', '405'),
(334, '', 'Spellcast', 'play', 0, 'self', 0, '', 'self.owner', '=', 'self.target', 'variable.Faction', 'eq', 'value.Uterra', '', '', '', '', '', '', 'neweffect', '', '', '193'),
(335, '', 'Spellcast', 'play', 0, 'self', 0, '', 'self.owner', '=', 'self.target', 'variable.Faction', 'eq', 'value.Uterra', '', '', '', '', '', '', 'neweffect', '', '', '194'),
(336, '', 'Spellcast', 'play', 0, 'self', 0, '', 'self.owner', '=', 'self.target', 'variable.Faction', 'eq', 'value.Uterra', '', '', '', '', '', '', 'neweffect', '', '', '195'),
(337, '%name% triggers', 'Creaturetrained', 'play', 0, 'single', 146, '', 'self.id', '==', 'target.id', 'variable.Forged', '==', 'value.1', '', '', '', '', '', '', 'neweffect', '', '', '249'),
(338, '', 'Spellcast', 'play', 0, 'self', 0, '', 'self.owner', '=', 'self.target', '', '', '', '', '', '', '', '', '', 'neweffect', '', '', '406'),
(339, '', 'Spellcast', 'play', 0, 'self', 0, '', 'self.owner', '=', 'self.target', '', '', '', '', '', '', '', '', '', 'neweffect', '', '', '299'),
(340, '', 'Spellcast', 'play', 0, 'self', 0, '', 'self.owner', '=', 'self.target', '', '', '', '', '', '', '', '', '', 'neweffect', '', '', '323'),
(341, '', 'rankup', 'play', 0, 'all', 85, '', 'self.owner', '=', 'core.turn', '', '', '', '', '', '', '', '', '', 'neweffect', '', '', '185'),
(342, '', 'rankup', 'play', 0, 'all', 85, '', 'self.owner', '=', 'core.turn', '', '', '', '', '', '', '', '', '', 'neweffect', '', '', '217'),
(343, '', 'rankup', 'play', 0, 'all', 85, '', 'self.owner', '=', 'core.turn', '', '', '', '', '', '', '', '', '', 'neweffect', '', '', '370'),
(344, '%name% triggers', 'Creaturetrained', 'play', 0, 'single', 84, '', 'self.id', '==', 'target.id', 'variable.Forged', '==', 'value.1', '', '', '', '', '', '', 'neweffect', '', '', '226'),
(345, '%name% triggers', 'Creaturetrained', 'play', 0, 'single', 84, '', 'self.id', '==', 'target.id', 'variable.Forged', '==', 'value.1', '', '', '', '', '', '', 'neweffect', '', '', '407'),
(346, '%name% shows no mercy', 'Creaturetrained', 'play', 0, 'all', 148, '', 'self.id', '==', 'target.id', 'variable.Forged', '==', 'value.1', '', '', '', '', '', '', 'neweffect', '', '', '109'),
(347, '', 'Creaturetrained', 'play', 0, 'self', 0, '', 'self.id', '=', 'target.id', 'self.factioninhand.Alloyin', '>=', 'value.1', '', '', '', '', '', '', 'neweffect', '', '', '299'),
(348, '', 'Creaturetrained', 'play', 0, 'self', 0, '', 'self.id', '=', 'target.id', 'self.factioninhand.Alloyin', '>=', 'value.1', '', '', '', '', '', '', 'neweffect', '', '', '324'),
(349, '', 'Creaturetrained', 'play', 0, 'self', 0, '', 'self.id', '=', 'target.id', 'self.factioninhand.Alloyin', '>=', 'value.1', '', '', '', '', '', '', 'neweffect', '', '', '408'),
(350, '', 'Creaturetrained', 'play', 0, 'self', 0, '', 'self.id', '=', 'target.id', 'self.factioninhand.Alloyin', '>=', 'value.1', '', '', '', '', '', '', 'neweffect', '', '', '406'),
(351, '', 'died', 'graveyard', 0, 'self', 0, '', 'self.id', '=', 'target.id', '', '', '', '', '', '', '', '', '', 'neweffect', '', '', '312'),
(352, '', 'died', 'graveyard', 0, 'self', 0, '', 'self.id', '=', 'target.id', '', '', '', '', '', '', '', '', '', 'neweffect', '', '', '411'),
(353, '', 'died', 'graveyard', 0, 'self', 0, '', 'self.id', '=', 'target.id', '', '', '', '', '', '', '', '', '', 'neweffect', '', '', '412'),
(354, '', 'died', 'graveyard', 0, 'self', 0, '', 'self.id', '=', 'target.id', '', '', '', '', '', '', '', '', '', 'neweffect', '', '', '186'),
(355, '', 'died', 'graveyard', 0, 'self', 0, '', 'self.id', '=', 'target.id', '', '', '', '', '', '', '', '', '', 'neweffect', '', '', '187'),
(356, '', 'died', 'graveyard', 0, 'self', 0, '', 'self.id', '=', 'target.id', '', '', '', '', '', '', '', '', '', 'neweffect', '', '', '188'),
(357, '', 'rankup', 'play', 0, 'self', 0, '', 'self.owner', '=', 'core.turn', '', '', '', '', '', '', '', '', '', 'neweffect', '', '', '187'),
(358, '', 'died', 'play', 0, 'self', 0, '', 'self.id', '!=', 'target.id', '', '', '', '', '', '', '', '', '', 'neweffect', '', '', '110'),
(359, '', 'Creaturetrained', 'play', 0, 'self', 0, '', 'self.id', '=', 'target.id', 'variable.Forged', '=', 'value.1', '', '', '', '', '', '', 'neweffect', '', '', '418'),
(360, '', 'Creaturetrained', 'play', 0, 'self', 0, '', 'self.id', '=', 'target.id', 'variable.Forged', '=', 'value.1', '', '', '', '', '', '', 'neweffect', '', '', '419'),
(361, '', 'Creaturetrained', 'play', 0, 'self', 0, '', 'self.id', '=', 'target.id', 'variable.Forged', '=', 'value.1', '', '', '', '', '', '', 'neweffect', '', '', '420'),
(362, '%name% triggers', 'Creaturetrained', 'play', 0, 'all', 85, '', 'self.id', '==', 'target.id', 'variable.Forged', '==', 'value.1', '', '', '', '', '', '', 'neweffect', '', '', '184'),
(363, '%name% triggers', 'Creaturetrained', 'play', 0, 'all', 85, '', 'self.id', '==', 'target.id', 'variable.Forged', '==', 'value.1', '', '', '', '', '', '', 'neweffect', '', '', '216'),
(364, '%name% triggers', 'Creaturetrained', 'play', 0, 'all', 85, '', 'self.id', '==', 'target.id', 'variable.Forged', '==', 'value.1', '', '', '', '', '', '', 'neweffect', '', '', '422'),
(365, '', 'Flank', 'play', 0, 'all', 85, '', 'self.id', '=', 'target.id', 'self.opposed', '=', 'value.1', '', '', '', '', '', '', 'neweffect', '', '', '184'),
(366, '', 'Flank', 'play', 0, 'all', 85, '', 'self.id', '=', 'target.id', 'self.opposed', '=', 'value.1', '', '', '', '', '', '', 'neweffect', '', '', '216'),
(367, '', 'Flank', 'play', 0, 'all', 85, '', 'self.id', '=', 'target.id', 'self.opposed', '=', 'value.1', '', '', '', '', '', '', 'neweffect', '', '', '422'),
(368, '', 'died', 'graveyard', 0, 'allcards', 151, '', 'self.id', '=', 'target.id', '', '', '', '', '', '', '', '', '', 'neweffect', '', '', '424'),
(369, '', 'died', 'graveyard', 0, 'allcards', 152, '', 'self.id', '=', 'target.id', '', '', '', '', '', '', '', '', '', 'neweffect', '', '', '424'),
(370, '', 'died', 'graveyard', 0, 'allcards', 153, '', 'self.id', '=', 'target.id', '', '', '', '', '', '', '', '', '', 'neweffect', '', '', '424'),
(371, '%name% shatters', 'Damagereceived', 'play', 0, 'self', 0, '', 'self.id', '=', 'target.id', '', '', '', '', '', '', '', '', '', 'neweffect', '', '', '428'),
(372, '', 'startturn', 'play', 0, 'self', 0, '', '', '', '', '', '', '', '', '', '', '', '', '', 'neweffect', '', '', '430'),
(373, '', 'startturn', 'play', 0, 'self', 0, '', 'self.owner', '==', 'core.turn', '', '', '', '', '', '', '', '', '', 'neweffect', '', '', '430'),
(374, '%name% reigns', 'Creaturetrained', 'play', 0, 'self', 72, '', 'self.id', '==', 'target.id', 'variable.Forged', '==', 'value.1', '', '', '', '', '', '', 'neweffect', '', '', '352'),
(375, '%name% cleaves', 'Playerdamage', 'play', 0, 'single', 53, '', 'self.id', '=', 'target.id', '', '', '', '', '', '', '', '', '', 'neweffect', '', '', '437'),
(376, '%name% senses weakness', 'Creaturetrained', 'play', 0, 'self', 0, '', 'self.id', '=', 'target.id', 'core.count.168', '>=', 'value.1', '', '', '', '', '', '', 'neweffect', '', '', '440'),
(377, '%name% senses weakness', 'Creaturetrained', 'play', 0, 'self', 0, '', 'self.id', '=', 'target.id', 'core.count.169', '>=', 'value.1', '', '', '', '', '', '', 'neweffect', '', '', '441'),
(378, '%name% senses weakness', 'Creaturetrained', 'play', 0, 'self', 0, '', 'self.id', '=', 'target.id', 'core.count.170', '>=', 'value.1', '', '', '', '', '', '', 'neweffect', '', '', '442');

--
-- Indexes for dumped tables
--

--
-- Indexes for table `Activated`
--
ALTER TABLE `Activated`
  ADD PRIMARY KEY (`ActivateId`);

--
-- Indexes for table `carddata`
--
ALTER TABLE `carddata`
  ADD PRIMARY KEY (`CardId`);

--
-- Indexes for table `effects`
--
ALTER TABLE `effects`
  ADD PRIMARY KEY (`effectid`);

--
-- Indexes for table `static`
--
ALTER TABLE `static`
  ADD PRIMARY KEY (`id`);

--
-- Indexes for table `targets`
--
ALTER TABLE `targets`
  ADD PRIMARY KEY (`targetid`);

--
-- Indexes for table `triggers`
--
ALTER TABLE `triggers`
  ADD PRIMARY KEY (`triggerid`);

--
-- AUTO_INCREMENT for dumped tables
--

--
-- AUTO_INCREMENT for table `Activated`
--
ALTER TABLE `Activated`
  MODIFY `ActivateId` int NOT NULL AUTO_INCREMENT, AUTO_INCREMENT=62;

--
-- AUTO_INCREMENT for table `carddata`
--
ALTER TABLE `carddata`
  MODIFY `CardId` int NOT NULL AUTO_INCREMENT, AUTO_INCREMENT=647;

--
-- AUTO_INCREMENT for table `effects`
--
ALTER TABLE `effects`
  MODIFY `effectid` int NOT NULL AUTO_INCREMENT, AUTO_INCREMENT=443;

--
-- AUTO_INCREMENT for table `static`
--
ALTER TABLE `static`
  MODIFY `id` int NOT NULL AUTO_INCREMENT, AUTO_INCREMENT=52;

--
-- AUTO_INCREMENT for table `targets`
--
ALTER TABLE `targets`
  MODIFY `targetid` int NOT NULL AUTO_INCREMENT, AUTO_INCREMENT=171;

--
-- AUTO_INCREMENT for table `triggers`
--
ALTER TABLE `triggers`
  MODIFY `triggerid` int UNSIGNED NOT NULL AUTO_INCREMENT, AUTO_INCREMENT=379;
COMMIT;

/*!40101 SET CHARACTER_SET_CLIENT=@OLD_CHARACTER_SET_CLIENT */;
/*!40101 SET CHARACTER_SET_RESULTS=@OLD_CHARACTER_SET_RESULTS */;
/*!40101 SET COLLATION_CONNECTION=@OLD_COLLATION_CONNECTION */;
